id,firstname,lastname,email,email2,profession,Field Name
100,Bertine,Colbert,Bertine.Colbert@yopmail.com,Bertine.Colbert@gmail.com,police officer,1
101,Lorie,Bebe,Lorie.Bebe@yopmail.com,Lorie.Bebe@gmail.com,firefighter,2
102,Ericka,August,Ericka.August@yopmail.com,Ericka.August@gmail.com,firefighter,3
103,Jennica,Moina,Jennica.Moina@yopmail.com,Jennica.Moina@gmail.com,firefighter,4
104,Devina,Nester,Devina.Nester@yopmail.com,Devina.Nester@gmail.com,police officer,5
105,Jolyn,Louanna,Jolyn.Louanna@yopmail.com,Jolyn.Louanna@gmail.com,worker,6
106,Elora,Allys,Elora.Allys@yopmail.com,Elora.Allys@gmail.com,doctor,7
107,Beverley,Terrence,Beverley.Terrence@yopmail.com,Beverley.Terrence@gmail.com,police officer,8
108,Ardenia,Idelia,Ardenia.Idelia@yopmail.com,Ardenia.Idelia@gmail.com,worker,9
109,Fredericka,Virgin,Fredericka.Virgin@yopmail.com,Fredericka.Virgin@gmail.com,doctor,10
110,Gabriellia,Havens,Gabriellia.Havens@yopmail.com,Gabriellia.Havens@gmail.com,developer,11
111,Ayn,Annabella,Ayn.Annabella@yopmail.com,Ayn.Annabella@gmail.com,police officer,12
112,Meg,Sparhawk,Meg.Sparhawk@yopmail.com,Meg.Sparhawk@gmail.com,doctor,13
113,Pamella,Burkle,Pamella.Burkle@yopmail.com,Pamella.Burkle@gmail.com,worker,14
114,Stacey,Terencio,Stacey.Terencio@yopmail.com,Stacey.Terencio@gmail.com,worker,15
115,Eve,Raama,Eve.Raama@yopmail.com,Eve.Raama@gmail.com,developer,16
116,Aili,Cleo,Aili.Cleo@yopmail.com,Aili.Cleo@gmail.com,worker,17
117,Sophia,Alva,Sophia.Alva@yopmail.com,Sophia.Alva@gmail.com,developer,18
118,Claudina,Killigrew,Claudina.Killigrew@yopmail.com,Claudina.Killigrew@gmail.com,doctor,19
119,Margette,Liebermann,Margette.Liebermann@yopmail.com,Margette.Liebermann@gmail.com,police officer,20
120,Petronia,Smitt,Petronia.Smitt@yopmail.com,Petronia.Smitt@gmail.com,police officer,21
121,Katuscha,Lenny,Katuscha.Lenny@yopmail.com,Katuscha.Lenny@gmail.com,developer,22
122,Tonia,Gherardo,Tonia.Gherardo@yopmail.com,Tonia.Gherardo@gmail.com,firefighter,23
123,Deloria,Kaja,Deloria.Kaja@yopmail.com,Deloria.Kaja@gmail.com,developer,24
124,Therine,Pelagias,Therine.Pelagias@yopmail.com,Therine.Pelagias@gmail.com,worker,25
125,Cordi,Durware,Cordi.Durware@yopmail.com,Cordi.Durware@gmail.com,police officer,26
126,Willetta,Chandler,Willetta.Chandler@yopmail.com,Willetta.Chandler@gmail.com,firefighter,27
127,Tiffie,Pandolfi,Tiffie.Pandolfi@yopmail.com,Tiffie.Pandolfi@gmail.com,police officer,28
128,Marylou,Drisko,Marylou.Drisko@yopmail.com,Marylou.Drisko@gmail.com,doctor,29
129,Florie,Darbie,Florie.Darbie@yopmail.com,Florie.Darbie@gmail.com,police officer,30
130,Donetta,Kamaria,Donetta.Kamaria@yopmail.com,Donetta.Kamaria@gmail.com,firefighter,31
131,Sam,Maribeth,Sam.Maribeth@yopmail.com,Sam.Maribeth@gmail.com,firefighter,32
132,Lusa,Florina,Lusa.Florina@yopmail.com,Lusa.Florina@gmail.com,worker,33
133,Eadie,Rhu,Eadie.Rhu@yopmail.com,Eadie.Rhu@gmail.com,developer,34
134,Correy,Rosemary,Correy.Rosemary@yopmail.com,Correy.Rosemary@gmail.com,worker,35
135,Melanie,Raffo,Melanie.Raffo@yopmail.com,Melanie.Raffo@gmail.com,developer,36
136,Zaria,Wenda,Zaria.Wenda@yopmail.com,Zaria.Wenda@gmail.com,worker,37
137,Rosene,Brackely,Rosene.Brackely@yopmail.com,Rosene.Brackely@gmail.com,doctor,38
138,Sam,Riva,Sam.Riva@yopmail.com,Sam.Riva@gmail.com,firefighter,39
139,Diena,Raama,Diena.Raama@yopmail.com,Diena.Raama@gmail.com,firefighter,40
140,Cherrita,Masao,Cherrita.Masao@yopmail.com,Cherrita.Masao@gmail.com,police officer,41
141,Felice,Cottle,Felice.Cottle@yopmail.com,Felice.Cottle@gmail.com,police officer,42
142,Anestassia,Noam,Anestassia.Noam@yopmail.com,Anestassia.Noam@gmail.com,firefighter,43
143,Dale,Herrera,Dale.Herrera@yopmail.com,Dale.Herrera@gmail.com,police officer,44
144,Quintina,Meter,Quintina.Meter@yopmail.com,Quintina.Meter@gmail.com,developer,45
145,Berget,Zetta,Berget.Zetta@yopmail.com,Berget.Zetta@gmail.com,developer,46
146,Dede,Lubin,Dede.Lubin@yopmail.com,Dede.Lubin@gmail.com,developer,47
147,Jere,Aida,Jere.Aida@yopmail.com,Jere.Aida@gmail.com,doctor,48
148,Clementine,Amand,Clementine.Amand@yopmail.com,Clementine.Amand@gmail.com,police officer,49
149,Jillayne,Bergman,Jillayne.Bergman@yopmail.com,Jillayne.Bergman@gmail.com,police officer,50
150,Malina,Ricki,Malina.Ricki@yopmail.com,Malina.Ricki@gmail.com,doctor,51
151,Fanny,Shanley,Fanny.Shanley@yopmail.com,Fanny.Shanley@gmail.com,doctor,52
152,Kylynn,Zuzana,Kylynn.Zuzana@yopmail.com,Kylynn.Zuzana@gmail.com,worker,53
153,Katuscha,Elvyn,Katuscha.Elvyn@yopmail.com,Katuscha.Elvyn@gmail.com,doctor,54
154,Alyssa,Niles,Alyssa.Niles@yopmail.com,Alyssa.Niles@gmail.com,worker,55
155,Tina,Tybald,Tina.Tybald@yopmail.com,Tina.Tybald@gmail.com,worker,56
156,Juliane,Kolnick,Juliane.Kolnick@yopmail.com,Juliane.Kolnick@gmail.com,worker,57
157,Danny,Nedrud,Danny.Nedrud@yopmail.com,Danny.Nedrud@gmail.com,developer,58
158,Lizzie,Shuler,Lizzie.Shuler@yopmail.com,Lizzie.Shuler@gmail.com,police officer,59
159,Aaren,Chabot,Aaren.Chabot@yopmail.com,Aaren.Chabot@gmail.com,firefighter,60
160,Diena,Othilia,Diena.Othilia@yopmail.com,Diena.Othilia@gmail.com,developer,61
161,Fredericka,Claudine,Fredericka.Claudine@yopmail.com,Fredericka.Claudine@gmail.com,doctor,62
162,Karlee,Erlandson,Karlee.Erlandson@yopmail.com,Karlee.Erlandson@gmail.com,police officer,63
163,Agnese,Ackerley,Agnese.Ackerley@yopmail.com,Agnese.Ackerley@gmail.com,developer,64
164,Eve,Carlson,Eve.Carlson@yopmail.com,Eve.Carlson@gmail.com,developer,65
165,Dolli,Vernier,Dolli.Vernier@yopmail.com,Dolli.Vernier@gmail.com,developer,66
166,Fred,Schalles,Fred.Schalles@yopmail.com,Fred.Schalles@gmail.com,doctor,67
167,Cathyleen,Wyn,Cathyleen.Wyn@yopmail.com,Cathyleen.Wyn@gmail.com,firefighter,68
168,Lelah,Iaverne,Lelah.Iaverne@yopmail.com,Lelah.Iaverne@gmail.com,firefighter,69
169,Tressa,Shirberg,Tressa.Shirberg@yopmail.com,Tressa.Shirberg@gmail.com,worker,70
170,Linzy,Plato,Linzy.Plato@yopmail.com,Linzy.Plato@gmail.com,doctor,71
171,Priscilla,Morrill,Priscilla.Morrill@yopmail.com,Priscilla.Morrill@gmail.com,developer,72
172,Dode,Cressida,Dode.Cressida@yopmail.com,Dode.Cressida@gmail.com,police officer,73
173,Oona,Cimbura,Oona.Cimbura@yopmail.com,Oona.Cimbura@gmail.com,developer,74
174,Cassandra,Isacco,Cassandra.Isacco@yopmail.com,Cassandra.Isacco@gmail.com,developer,75
175,Jany,Buckler,Jany.Buckler@yopmail.com,Jany.Buckler@gmail.com,doctor,76
176,Aurelie,Teddman,Aurelie.Teddman@yopmail.com,Aurelie.Teddman@gmail.com,doctor,77
177,Joeann,Nicoline,Joeann.Nicoline@yopmail.com,Joeann.Nicoline@gmail.com,worker,78
178,Ricky,Zetta,Ricky.Zetta@yopmail.com,Ricky.Zetta@gmail.com,developer,79
179,Sindee,Edvard,Sindee.Edvard@yopmail.com,Sindee.Edvard@gmail.com,firefighter,80
180,Magdalena,Luhe,Magdalena.Luhe@yopmail.com,Magdalena.Luhe@gmail.com,worker,81
181,Winifred,Kenney,Winifred.Kenney@yopmail.com,Winifred.Kenney@gmail.com,doctor,82
182,Alia,Vacuva,Alia.Vacuva@yopmail.com,Alia.Vacuva@gmail.com,worker,83
183,Fanchon,Ludewig,Fanchon.Ludewig@yopmail.com,Fanchon.Ludewig@gmail.com,police officer,84
184,Bobinette,Tybald,Bobinette.Tybald@yopmail.com,Bobinette.Tybald@gmail.com,doctor,85
185,Carmencita,Eliathas,Carmencita.Eliathas@yopmail.com,Carmencita.Eliathas@gmail.com,worker,86
186,Tori,Willie,Tori.Willie@yopmail.com,Tori.Willie@gmail.com,worker,87
187,Cherilyn,Truc,Cherilyn.Truc@yopmail.com,Cherilyn.Truc@gmail.com,firefighter,88
188,Cecile,Carri,Cecile.Carri@yopmail.com,Cecile.Carri@gmail.com,doctor,89
189,Kylynn,Wareing,Kylynn.Wareing@yopmail.com,Kylynn.Wareing@gmail.com,worker,90
190,Kaja,Diogenes,Kaja.Diogenes@yopmail.com,Kaja.Diogenes@gmail.com,developer,91
191,Christal,Nester,Christal.Nester@yopmail.com,Christal.Nester@gmail.com,doctor,92
192,Joane,Lissi,Joane.Lissi@yopmail.com,Joane.Lissi@gmail.com,firefighter,93
193,Rivalee,Mallon,Rivalee.Mallon@yopmail.com,Rivalee.Mallon@gmail.com,police officer,94
194,Edee,Alrich,Edee.Alrich@yopmail.com,Edee.Alrich@gmail.com,doctor,95
195,Olwen,Graig,Olwen.Graig@yopmail.com,Olwen.Graig@gmail.com,police officer,96
196,Candy,Olin,Candy.Olin@yopmail.com,Candy.Olin@gmail.com,developer,97
197,Stephanie,Jeanne,Stephanie.Jeanne@yopmail.com,Stephanie.Jeanne@gmail.com,firefighter,98
198,Starla,Latini,Starla.Latini@yopmail.com,Starla.Latini@gmail.com,developer,99
199,Beth,Shirberg,Beth.Shirberg@yopmail.com,Beth.Shirberg@gmail.com,developer,100
200,Dolli,Hachmin,Dolli.Hachmin@yopmail.com,Dolli.Hachmin@gmail.com,doctor,101
201,Valeda,Genna,Valeda.Genna@yopmail.com,Valeda.Genna@gmail.com,doctor,102
202,Violet,Bevin,Violet.Bevin@yopmail.com,Violet.Bevin@gmail.com,developer,103
203,Melanie,Francyne,Melanie.Francyne@yopmail.com,Melanie.Francyne@gmail.com,doctor,104
204,Nikki,Peg,Nikki.Peg@yopmail.com,Nikki.Peg@gmail.com,police officer,105
205,Lucille,Fitzsimmons,Lucille.Fitzsimmons@yopmail.com,Lucille.Fitzsimmons@gmail.com,firefighter,106
206,Lacie,Hanshaw,Lacie.Hanshaw@yopmail.com,Lacie.Hanshaw@gmail.com,doctor,107
207,Bettine,Schenck,Bettine.Schenck@yopmail.com,Bettine.Schenck@gmail.com,doctor,108
208,Joleen,Saunderson,Joleen.Saunderson@yopmail.com,Joleen.Saunderson@gmail.com,developer,109
209,Daune,Merna,Daune.Merna@yopmail.com,Daune.Merna@gmail.com,police officer,110
210,Tatiania,Nore,Tatiania.Nore@yopmail.com,Tatiania.Nore@gmail.com,doctor,111
211,Cristabel,Trace,Cristabel.Trace@yopmail.com,Cristabel.Trace@gmail.com,firefighter,112
212,Donnie,Carri,Donnie.Carri@yopmail.com,Donnie.Carri@gmail.com,police officer,113
213,Steffane,Dalli,Steffane.Dalli@yopmail.com,Steffane.Dalli@gmail.com,worker,114
214,Elfreda,Gillan,Elfreda.Gillan@yopmail.com,Elfreda.Gillan@gmail.com,police officer,115
215,Neila,Clywd,Neila.Clywd@yopmail.com,Neila.Clywd@gmail.com,police officer,116
216,Rivalee,Syd,Rivalee.Syd@yopmail.com,Rivalee.Syd@gmail.com,firefighter,117
217,Tierney,Edvard,Tierney.Edvard@yopmail.com,Tierney.Edvard@gmail.com,worker,118
218,Jenilee,Laverne,Jenilee.Laverne@yopmail.com,Jenilee.Laverne@gmail.com,doctor,119
219,Iseabal,Craggie,Iseabal.Craggie@yopmail.com,Iseabal.Craggie@gmail.com,worker,120
220,Gui,Ajay,Gui.Ajay@yopmail.com,Gui.Ajay@gmail.com,developer,121
221,Jenilee,Mike,Jenilee.Mike@yopmail.com,Jenilee.Mike@gmail.com,developer,122
222,Aurore,Mintz,Aurore.Mintz@yopmail.com,Aurore.Mintz@gmail.com,doctor,123
223,Trixi,Etom,Trixi.Etom@yopmail.com,Trixi.Etom@gmail.com,firefighter,124
224,Roxane,Ax,Roxane.Ax@yopmail.com,Roxane.Ax@gmail.com,worker,125
225,Kate,Eiser,Kate.Eiser@yopmail.com,Kate.Eiser@gmail.com,firefighter,126
226,Jennica,Ellerey,Jennica.Ellerey@yopmail.com,Jennica.Ellerey@gmail.com,doctor,127
227,Natka,Keelia,Natka.Keelia@yopmail.com,Natka.Keelia@gmail.com,developer,128
228,Audrie,Bibi,Audrie.Bibi@yopmail.com,Audrie.Bibi@gmail.com,firefighter,129
229,Elmira,Olnee,Elmira.Olnee@yopmail.com,Elmira.Olnee@gmail.com,developer,130
230,Kristan,Atonsah,Kristan.Atonsah@yopmail.com,Kristan.Atonsah@gmail.com,police officer,131
231,Eugine,Cyrie,Eugine.Cyrie@yopmail.com,Eugine.Cyrie@gmail.com,developer,132
232,Christy,Nisbet,Christy.Nisbet@yopmail.com,Christy.Nisbet@gmail.com,developer,133
233,Adriana,Tremayne,Adriana.Tremayne@yopmail.com,Adriana.Tremayne@gmail.com,firefighter,134
234,Marinna,Rodmann,Marinna.Rodmann@yopmail.com,Marinna.Rodmann@gmail.com,developer,135
235,Agnese,Maroney,Agnese.Maroney@yopmail.com,Agnese.Maroney@gmail.com,developer,136
236,Eolanda,Tatianas,Eolanda.Tatianas@yopmail.com,Eolanda.Tatianas@gmail.com,developer,137
237,Kellen,Nikaniki,Kellen.Nikaniki@yopmail.com,Kellen.Nikaniki@gmail.com,doctor,138
238,Bettine,Horan,Bettine.Horan@yopmail.com,Bettine.Horan@gmail.com,developer,139
239,Lindie,Felizio,Lindie.Felizio@yopmail.com,Lindie.Felizio@gmail.com,firefighter,140
240,Nikki,Fredi,Nikki.Fredi@yopmail.com,Nikki.Fredi@gmail.com,worker,141
241,Melina,Gillan,Melina.Gillan@yopmail.com,Melina.Gillan@gmail.com,developer,142
242,Lexine,Jerald,Lexine.Jerald@yopmail.com,Lexine.Jerald@gmail.com,firefighter,143
243,Gilda,Emmy,Gilda.Emmy@yopmail.com,Gilda.Emmy@gmail.com,worker,144
244,Allyce,Simmonds,Allyce.Simmonds@yopmail.com,Allyce.Simmonds@gmail.com,firefighter,145
245,Emelina,Joachim,Emelina.Joachim@yopmail.com,Emelina.Joachim@gmail.com,developer,146
246,Tatiania,Jarib,Tatiania.Jarib@yopmail.com,Tatiania.Jarib@gmail.com,worker,147
247,Claudina,Scammon,Claudina.Scammon@yopmail.com,Claudina.Scammon@gmail.com,worker,148
248,Farrah,Boycey,Farrah.Boycey@yopmail.com,Farrah.Boycey@gmail.com,doctor,149
249,Roberta,Bearnard,Roberta.Bearnard@yopmail.com,Roberta.Bearnard@gmail.com,police officer,150
250,Wanda,Gualtiero,Wanda.Gualtiero@yopmail.com,Wanda.Gualtiero@gmail.com,doctor,151
251,Sonni,Ackerley,Sonni.Ackerley@yopmail.com,Sonni.Ackerley@gmail.com,doctor,152
252,Wendi,Greenwald,Wendi.Greenwald@yopmail.com,Wendi.Greenwald@gmail.com,doctor,153
253,Claresta,Koehler,Claresta.Koehler@yopmail.com,Claresta.Koehler@gmail.com,firefighter,154
254,Mignon,Andrel,Mignon.Andrel@yopmail.com,Mignon.Andrel@gmail.com,worker,155
255,Dione,Uund,Dione.Uund@yopmail.com,Dione.Uund@gmail.com,worker,156
256,Silvana,Bergman,Silvana.Bergman@yopmail.com,Silvana.Bergman@gmail.com,doctor,157
257,Ivett,Wenda,Ivett.Wenda@yopmail.com,Ivett.Wenda@gmail.com,doctor,158
258,Daphne,Jobi,Daphne.Jobi@yopmail.com,Daphne.Jobi@gmail.com,developer,159
259,Aurore,Geffner,Aurore.Geffner@yopmail.com,Aurore.Geffner@gmail.com,doctor,160
260,Tatiania,Halla,Tatiania.Halla@yopmail.com,Tatiania.Halla@gmail.com,firefighter,161
261,Florie,Ariella,Florie.Ariella@yopmail.com,Florie.Ariella@gmail.com,developer,162
262,Laure,Garbe,Laure.Garbe@yopmail.com,Laure.Garbe@gmail.com,firefighter,163
263,Barbi,Toor,Barbi.Toor@yopmail.com,Barbi.Toor@gmail.com,firefighter,164
264,Ebonee,Melan,Ebonee.Melan@yopmail.com,Ebonee.Melan@gmail.com,doctor,165
265,Ofilia,Letsou,Ofilia.Letsou@yopmail.com,Ofilia.Letsou@gmail.com,firefighter,166
266,Bernie,Donell,Bernie.Donell@yopmail.com,Bernie.Donell@gmail.com,worker,167
267,Arlina,Sandye,Arlina.Sandye@yopmail.com,Arlina.Sandye@gmail.com,worker,168
268,Melodie,Berard,Melodie.Berard@yopmail.com,Melodie.Berard@gmail.com,doctor,169
269,Allis,Cristi,Allis.Cristi@yopmail.com,Allis.Cristi@gmail.com,doctor,170
270,Annecorinne,Lattie,Annecorinne.Lattie@yopmail.com,Annecorinne.Lattie@gmail.com,doctor,171
271,Maisey,McAdams,Maisey.McAdams@yopmail.com,Maisey.McAdams@gmail.com,doctor,172
272,Babita,Ax,Babita.Ax@yopmail.com,Babita.Ax@gmail.com,firefighter,173
273,Mireielle,Lymann,Mireielle.Lymann@yopmail.com,Mireielle.Lymann@gmail.com,developer,174
274,Lynnea,Mallon,Lynnea.Mallon@yopmail.com,Lynnea.Mallon@gmail.com,police officer,175
275,Eve,Autrey,Eve.Autrey@yopmail.com,Eve.Autrey@gmail.com,firefighter,176
276,Debee,Bennie,Debee.Bennie@yopmail.com,Debee.Bennie@gmail.com,police officer,177
277,Nita,Pettiford,Nita.Pettiford@yopmail.com,Nita.Pettiford@gmail.com,developer,178
278,Robinia,Elvyn,Robinia.Elvyn@yopmail.com,Robinia.Elvyn@gmail.com,doctor,179
279,Nanete,Vastah,Nanete.Vastah@yopmail.com,Nanete.Vastah@gmail.com,firefighter,180
280,Sissy,Aldric,Sissy.Aldric@yopmail.com,Sissy.Aldric@gmail.com,police officer,181
281,Ebonee,Burch,Ebonee.Burch@yopmail.com,Ebonee.Burch@gmail.com,doctor,182
282,Madelle,Frodi,Madelle.Frodi@yopmail.com,Madelle.Frodi@gmail.com,police officer,183
283,Meghann,Harriman,Meghann.Harriman@yopmail.com,Meghann.Harriman@gmail.com,worker,184
284,Lisette,Hillel,Lisette.Hillel@yopmail.com,Lisette.Hillel@gmail.com,police officer,185
285,Gavrielle,Huggins,Gavrielle.Huggins@yopmail.com,Gavrielle.Huggins@gmail.com,firefighter,186
286,Mureil,Eachern,Mureil.Eachern@yopmail.com,Mureil.Eachern@gmail.com,worker,187
287,Desirae,Zetta,Desirae.Zetta@yopmail.com,Desirae.Zetta@gmail.com,developer,188
288,Miquela,Girardo,Miquela.Girardo@yopmail.com,Miquela.Girardo@gmail.com,worker,189
289,Frances,Nisbet,Frances.Nisbet@yopmail.com,Frances.Nisbet@gmail.com,developer,190
290,Ricky,Ries,Ricky.Ries@yopmail.com,Ricky.Ries@gmail.com,doctor,191
291,Leanna,Cottle,Leanna.Cottle@yopmail.com,Leanna.Cottle@gmail.com,police officer,192
292,Latisha,Junie,Latisha.Junie@yopmail.com,Latisha.Junie@gmail.com,worker,193
293,Nonnah,O'Carroll,Nonnah.O'Carroll@yopmail.com,Nonnah.O'Carroll@gmail.com,doctor,194
294,Ellette,Henrie,Ellette.Henrie@yopmail.com,Ellette.Henrie@gmail.com,doctor,195
295,Codie,Curren,Codie.Curren@yopmail.com,Codie.Curren@gmail.com,worker,196
296,Elise,Moseley,Elise.Moseley@yopmail.com,Elise.Moseley@gmail.com,worker,197
297,Elena,Naashom,Elena.Naashom@yopmail.com,Elena.Naashom@gmail.com,firefighter,198
298,Nariko,Richers,Nariko.Richers@yopmail.com,Nariko.Richers@gmail.com,firefighter,199
299,Stevana,Angelis,Stevana.Angelis@yopmail.com,Stevana.Angelis@gmail.com,doctor,200
300,Carilyn,Lemuela,Carilyn.Lemuela@yopmail.com,Carilyn.Lemuela@gmail.com,firefighter,201
301,Veda,Brittani,Veda.Brittani@yopmail.com,Veda.Brittani@gmail.com,firefighter,202
302,Jessamyn,Mathilde,Jessamyn.Mathilde@yopmail.com,Jessamyn.Mathilde@gmail.com,developer,203
303,Bee,Rese,Bee.Rese@yopmail.com,Bee.Rese@gmail.com,developer,204
304,Lanae,Edvard,Lanae.Edvard@yopmail.com,Lanae.Edvard@gmail.com,developer,205
305,Theodora,Devlen,Theodora.Devlen@yopmail.com,Theodora.Devlen@gmail.com,worker,206
306,Jaime,Chabot,Jaime.Chabot@yopmail.com,Jaime.Chabot@gmail.com,police officer,207
307,Jillayne,Newell,Jillayne.Newell@yopmail.com,Jillayne.Newell@gmail.com,developer,208
308,Roz,Codding,Roz.Codding@yopmail.com,Roz.Codding@gmail.com,doctor,209
309,Aili,Fontana,Aili.Fontana@yopmail.com,Aili.Fontana@gmail.com,developer,210
310,Angela,Lilas,Angela.Lilas@yopmail.com,Angela.Lilas@gmail.com,firefighter,211
311,Fredericka,Palocz,Fredericka.Palocz@yopmail.com,Fredericka.Palocz@gmail.com,firefighter,212
312,Marsiella,Revkah,Marsiella.Revkah@yopmail.com,Marsiella.Revkah@gmail.com,firefighter,213
313,Zia,Bivins,Zia.Bivins@yopmail.com,Zia.Bivins@gmail.com,doctor,214
314,Alie,Raffo,Alie.Raffo@yopmail.com,Alie.Raffo@gmail.com,doctor,215
315,Cherilyn,Willie,Cherilyn.Willie@yopmail.com,Cherilyn.Willie@gmail.com,developer,216
316,Kylynn,Tryck,Kylynn.Tryck@yopmail.com,Kylynn.Tryck@gmail.com,developer,217
317,Livvyy,Tyson,Livvyy.Tyson@yopmail.com,Livvyy.Tyson@gmail.com,developer,218
318,Carmencita,Fosque,Carmencita.Fosque@yopmail.com,Carmencita.Fosque@gmail.com,police officer,219
319,Gianina,Chobot,Gianina.Chobot@yopmail.com,Gianina.Chobot@gmail.com,doctor,220
320,Cindelyn,Yoko,Cindelyn.Yoko@yopmail.com,Cindelyn.Yoko@gmail.com,police officer,221
321,Valera,Jerald,Valera.Jerald@yopmail.com,Valera.Jerald@gmail.com,worker,222
322,Philis,Lowry,Philis.Lowry@yopmail.com,Philis.Lowry@gmail.com,worker,223
323,Bertine,Hull,Bertine.Hull@yopmail.com,Bertine.Hull@gmail.com,developer,224
324,Valeda,Hunfredo,Valeda.Hunfredo@yopmail.com,Valeda.Hunfredo@gmail.com,developer,225
325,Merci,Payson,Merci.Payson@yopmail.com,Merci.Payson@gmail.com,worker,226
326,Kaia,Arquit,Kaia.Arquit@yopmail.com,Kaia.Arquit@gmail.com,police officer,227
327,Jemie,Tristram,Jemie.Tristram@yopmail.com,Jemie.Tristram@gmail.com,firefighter,228
328,Susette,Ashok,Susette.Ashok@yopmail.com,Susette.Ashok@gmail.com,doctor,229
329,Lucille,Doig,Lucille.Doig@yopmail.com,Lucille.Doig@gmail.com,police officer,230
330,Brana,Rubie,Brana.Rubie@yopmail.com,Brana.Rubie@gmail.com,firefighter,231
331,Dulce,Elbertina,Dulce.Elbertina@yopmail.com,Dulce.Elbertina@gmail.com,police officer,232
332,Randa,Jefferey,Randa.Jefferey@yopmail.com,Randa.Jefferey@gmail.com,doctor,233
333,Melanie,Vanni,Melanie.Vanni@yopmail.com,Melanie.Vanni@gmail.com,developer,234
334,Janenna,Fry,Janenna.Fry@yopmail.com,Janenna.Fry@gmail.com,doctor,235
335,Fred,Florina,Fred.Florina@yopmail.com,Fred.Florina@gmail.com,doctor,236
336,Alie,Nicoline,Alie.Nicoline@yopmail.com,Alie.Nicoline@gmail.com,police officer,237
337,Fidelia,Croix,Fidelia.Croix@yopmail.com,Fidelia.Croix@gmail.com,worker,238
338,Edyth,Cornelia,Edyth.Cornelia@yopmail.com,Edyth.Cornelia@gmail.com,police officer,239
339,Corly,Thornburg,Corly.Thornburg@yopmail.com,Corly.Thornburg@gmail.com,doctor,240
340,Agathe,Ciro,Agathe.Ciro@yopmail.com,Agathe.Ciro@gmail.com,doctor,241
341,Mary,Adlare,Mary.Adlare@yopmail.com,Mary.Adlare@gmail.com,doctor,242
342,Vinita,Oriana,Vinita.Oriana@yopmail.com,Vinita.Oriana@gmail.com,firefighter,243
343,Marcy,Idelia,Marcy.Idelia@yopmail.com,Marcy.Idelia@gmail.com,developer,244
344,Aurelie,Selway,Aurelie.Selway@yopmail.com,Aurelie.Selway@gmail.com,worker,245
345,Leia,Tremayne,Leia.Tremayne@yopmail.com,Leia.Tremayne@gmail.com,firefighter,246
346,Thalia,Kirbee,Thalia.Kirbee@yopmail.com,Thalia.Kirbee@gmail.com,firefighter,247
347,Molli,Natalia,Molli.Natalia@yopmail.com,Molli.Natalia@gmail.com,police officer,248
348,Evaleen,Kannry,Evaleen.Kannry@yopmail.com,Evaleen.Kannry@gmail.com,worker,249
349,Jere,Santoro,Jere.Santoro@yopmail.com,Jere.Santoro@gmail.com,worker,250
350,Justinn,Weaks,Justinn.Weaks@yopmail.com,Justinn.Weaks@gmail.com,doctor,251
351,Lanna,Elo,Lanna.Elo@yopmail.com,Lanna.Elo@gmail.com,doctor,252
352,Wilma,Merna,Wilma.Merna@yopmail.com,Wilma.Merna@gmail.com,doctor,253
353,Ricky,Bohlin,Ricky.Bohlin@yopmail.com,Ricky.Bohlin@gmail.com,firefighter,254
354,Minne,Alisia,Minne.Alisia@yopmail.com,Minne.Alisia@gmail.com,police officer,255
355,Jaclyn,Nicoline,Jaclyn.Nicoline@yopmail.com,Jaclyn.Nicoline@gmail.com,firefighter,256
356,Sam,Vilma,Sam.Vilma@yopmail.com,Sam.Vilma@gmail.com,developer,257
357,Selia,Bergman,Selia.Bergman@yopmail.com,Selia.Bergman@gmail.com,police officer,258
358,Jaclyn,Himelman,Jaclyn.Himelman@yopmail.com,Jaclyn.Himelman@gmail.com,worker,259
359,Susan,Iaverne,Susan.Iaverne@yopmail.com,Susan.Iaverne@gmail.com,doctor,260
360,Barbi,Stefa,Barbi.Stefa@yopmail.com,Barbi.Stefa@gmail.com,doctor,261
361,Dede,Kermit,Dede.Kermit@yopmail.com,Dede.Kermit@gmail.com,police officer,262
362,Suzette,Deegan,Suzette.Deegan@yopmail.com,Suzette.Deegan@gmail.com,firefighter,263
363,Calla,Haymes,Calla.Haymes@yopmail.com,Calla.Haymes@gmail.com,developer,264
364,Andree,Dielu,Andree.Dielu@yopmail.com,Andree.Dielu@gmail.com,police officer,265
365,Larine,Slifka,Larine.Slifka@yopmail.com,Larine.Slifka@gmail.com,firefighter,266
366,Pollyanna,Lauraine,Pollyanna.Lauraine@yopmail.com,Pollyanna.Lauraine@gmail.com,worker,267
367,Hollie,Alisia,Hollie.Alisia@yopmail.com,Hollie.Alisia@gmail.com,developer,268
368,Ronna,Janene,Ronna.Janene@yopmail.com,Ronna.Janene@gmail.com,developer,269
369,Adore,Saree,Adore.Saree@yopmail.com,Adore.Saree@gmail.com,doctor,270
370,Peri,Braun,Peri.Braun@yopmail.com,Peri.Braun@gmail.com,firefighter,271
371,Beatriz,Ambrosia,Beatriz.Ambrosia@yopmail.com,Beatriz.Ambrosia@gmail.com,firefighter,272
372,Alie,Karylin,Alie.Karylin@yopmail.com,Alie.Karylin@gmail.com,doctor,273
373,Suzette,Cornelia,Suzette.Cornelia@yopmail.com,Suzette.Cornelia@gmail.com,firefighter,274
374,Charmaine,Frodi,Charmaine.Frodi@yopmail.com,Charmaine.Frodi@gmail.com,police officer,275
375,Yvonne,Slifka,Yvonne.Slifka@yopmail.com,Yvonne.Slifka@gmail.com,police officer,276
376,Briney,Teryn,Briney.Teryn@yopmail.com,Briney.Teryn@gmail.com,doctor,277
377,Marinna,Barrus,Marinna.Barrus@yopmail.com,Marinna.Barrus@gmail.com,worker,278
378,Lizzie,Colleen,Lizzie.Colleen@yopmail.com,Lizzie.Colleen@gmail.com,firefighter,279
379,Danika,Tybald,Danika.Tybald@yopmail.com,Danika.Tybald@gmail.com,developer,280
380,Netty,Riordan,Netty.Riordan@yopmail.com,Netty.Riordan@gmail.com,worker,281
381,Mara,Oster,Mara.Oster@yopmail.com,Mara.Oster@gmail.com,worker,282
382,Nikki,Sandye,Nikki.Sandye@yopmail.com,Nikki.Sandye@gmail.com,doctor,283
383,Corry,Maples,Corry.Maples@yopmail.com,Corry.Maples@gmail.com,doctor,284
384,Kerrin,Gert,Kerrin.Gert@yopmail.com,Kerrin.Gert@gmail.com,firefighter,285
385,Marylou,Chrystel,Marylou.Chrystel@yopmail.com,Marylou.Chrystel@gmail.com,doctor,286
386,Loree,Vittoria,Loree.Vittoria@yopmail.com,Loree.Vittoria@gmail.com,doctor,287
387,Joane,Payson,Joane.Payson@yopmail.com,Joane.Payson@gmail.com,doctor,288
388,Antonietta,Anselmi,Antonietta.Anselmi@yopmail.com,Antonietta.Anselmi@gmail.com,firefighter,289
389,Mariele,Kelula,Mariele.Kelula@yopmail.com,Mariele.Kelula@gmail.com,developer,290
390,Christian,Gale,Christian.Gale@yopmail.com,Christian.Gale@gmail.com,police officer,291
391,Shell,Yorick,Shell.Yorick@yopmail.com,Shell.Yorick@gmail.com,firefighter,292
392,Lory,Therine,Lory.Therine@yopmail.com,Lory.Therine@gmail.com,developer,293
393,Raquela,Giule,Raquela.Giule@yopmail.com,Raquela.Giule@gmail.com,firefighter,294
394,Georgetta,Charmine,Georgetta.Charmine@yopmail.com,Georgetta.Charmine@gmail.com,doctor,295
395,Kathi,Stefa,Kathi.Stefa@yopmail.com,Kathi.Stefa@gmail.com,worker,296
396,Tersina,Emerson,Tersina.Emerson@yopmail.com,Tersina.Emerson@gmail.com,developer,297
397,Annaliese,Mike,Annaliese.Mike@yopmail.com,Annaliese.Mike@gmail.com,doctor,298
398,Kalina,Gibbeon,Kalina.Gibbeon@yopmail.com,Kalina.Gibbeon@gmail.com,firefighter,299
399,Tatiania,Eldrid,Tatiania.Eldrid@yopmail.com,Tatiania.Eldrid@gmail.com,developer,300
400,Jorry,Drus,Jorry.Drus@yopmail.com,Jorry.Drus@gmail.com,doctor,301
401,Amalie,Hirsch,Amalie.Hirsch@yopmail.com,Amalie.Hirsch@gmail.com,firefighter,302
402,Maud,Eiser,Maud.Eiser@yopmail.com,Maud.Eiser@gmail.com,police officer,303
403,Maridel,Bivins,Maridel.Bivins@yopmail.com,Maridel.Bivins@gmail.com,police officer,304
404,Cassondra,Tristram,Cassondra.Tristram@yopmail.com,Cassondra.Tristram@gmail.com,firefighter,305
405,Nananne,Gavrila,Nananne.Gavrila@yopmail.com,Nananne.Gavrila@gmail.com,developer,306
406,Cecile,Jehu,Cecile.Jehu@yopmail.com,Cecile.Jehu@gmail.com,developer,307
407,Basia,Glovsky,Basia.Glovsky@yopmail.com,Basia.Glovsky@gmail.com,firefighter,308
408,Atlanta,Gino,Atlanta.Gino@yopmail.com,Atlanta.Gino@gmail.com,police officer,309
409,Madalyn,Chandler,Madalyn.Chandler@yopmail.com,Madalyn.Chandler@gmail.com,worker,310
410,Roslyn,Thad,Roslyn.Thad@yopmail.com,Roslyn.Thad@gmail.com,doctor,311
411,Sophia,Nedrud,Sophia.Nedrud@yopmail.com,Sophia.Nedrud@gmail.com,worker,312
412,Sheree,Reidar,Sheree.Reidar@yopmail.com,Sheree.Reidar@gmail.com,worker,313
413,Danny,Rooney,Danny.Rooney@yopmail.com,Danny.Rooney@gmail.com,firefighter,314
414,Shauna,Ethban,Shauna.Ethban@yopmail.com,Shauna.Ethban@gmail.com,doctor,315
415,Micheline,Euridice,Micheline.Euridice@yopmail.com,Micheline.Euridice@gmail.com,firefighter,316
416,Taffy,Ardra,Taffy.Ardra@yopmail.com,Taffy.Ardra@gmail.com,worker,317
417,Dennie,Monk,Dennie.Monk@yopmail.com,Dennie.Monk@gmail.com,worker,318
418,Lenna,Marlie,Lenna.Marlie@yopmail.com,Lenna.Marlie@gmail.com,developer,319
419,Elka,Erminia,Elka.Erminia@yopmail.com,Elka.Erminia@gmail.com,worker,320
420,Marcy,Jaylene,Marcy.Jaylene@yopmail.com,Marcy.Jaylene@gmail.com,doctor,321
421,Miquela,Hillel,Miquela.Hillel@yopmail.com,Miquela.Hillel@gmail.com,firefighter,322
422,Ermengarde,Arquit,Ermengarde.Arquit@yopmail.com,Ermengarde.Arquit@gmail.com,worker,323
423,Jackie,Maisey,Jackie.Maisey@yopmail.com,Jackie.Maisey@gmail.com,developer,324
424,Sheree,Garbe,Sheree.Garbe@yopmail.com,Sheree.Garbe@gmail.com,police officer,325
425,Veda,Stacy,Veda.Stacy@yopmail.com,Veda.Stacy@gmail.com,doctor,326
426,Amara,Lunsford,Amara.Lunsford@yopmail.com,Amara.Lunsford@gmail.com,doctor,327
427,Gerianna,Florina,Gerianna.Florina@yopmail.com,Gerianna.Florina@gmail.com,doctor,328
428,Addia,Seligman,Addia.Seligman@yopmail.com,Addia.Seligman@gmail.com,firefighter,329
429,Renie,Barrus,Renie.Barrus@yopmail.com,Renie.Barrus@gmail.com,developer,330
430,Joane,Randene,Joane.Randene@yopmail.com,Joane.Randene@gmail.com,police officer,331
431,Dotty,Berne,Dotty.Berne@yopmail.com,Dotty.Berne@gmail.com,firefighter,332
432,Britni,Schenck,Britni.Schenck@yopmail.com,Britni.Schenck@gmail.com,police officer,333
433,Chastity,Cleo,Chastity.Cleo@yopmail.com,Chastity.Cleo@gmail.com,doctor,334
434,Nessie,Sallyann,Nessie.Sallyann@yopmail.com,Nessie.Sallyann@gmail.com,developer,335
435,Minda,Adrienne,Minda.Adrienne@yopmail.com,Minda.Adrienne@gmail.com,developer,336
436,Amalie,Gillan,Amalie.Gillan@yopmail.com,Amalie.Gillan@gmail.com,worker,337
437,Janeczka,Carri,Janeczka.Carri@yopmail.com,Janeczka.Carri@gmail.com,firefighter,338
438,Helena,Ummersen,Helena.Ummersen@yopmail.com,Helena.Ummersen@gmail.com,developer,339
439,Farrah,Dex,Farrah.Dex@yopmail.com,Farrah.Dex@gmail.com,developer,340
440,Rosaline,Codding,Rosaline.Codding@yopmail.com,Rosaline.Codding@gmail.com,developer,341
441,Cathyleen,Hurley,Cathyleen.Hurley@yopmail.com,Cathyleen.Hurley@gmail.com,worker,342
442,Aryn,Percy,Aryn.Percy@yopmail.com,Aryn.Percy@gmail.com,firefighter,343
443,Tabbatha,Cynar,Tabbatha.Cynar@yopmail.com,Tabbatha.Cynar@gmail.com,doctor,344
444,Eugine,Lail,Eugine.Lail@yopmail.com,Eugine.Lail@gmail.com,police officer,345
445,Lorenza,Doig,Lorenza.Doig@yopmail.com,Lorenza.Doig@gmail.com,police officer,346
446,Kate,Bohlin,Kate.Bohlin@yopmail.com,Kate.Bohlin@gmail.com,firefighter,347
447,Belva,Vernier,Belva.Vernier@yopmail.com,Belva.Vernier@gmail.com,developer,348
448,Silvana,Natalia,Silvana.Natalia@yopmail.com,Silvana.Natalia@gmail.com,doctor,349
449,Amalie,Glovsky,Amalie.Glovsky@yopmail.com,Amalie.Glovsky@gmail.com,firefighter,350
450,Rhoda,Brieta,Rhoda.Brieta@yopmail.com,Rhoda.Brieta@gmail.com,firefighter,351
451,Gwenneth,Fadiman,Gwenneth.Fadiman@yopmail.com,Gwenneth.Fadiman@gmail.com,developer,352
452,Liana,Shields,Liana.Shields@yopmail.com,Liana.Shields@gmail.com,doctor,353
453,Dianemarie,Estella,Dianemarie.Estella@yopmail.com,Dianemarie.Estella@gmail.com,firefighter,354
454,Adriana,Raffo,Adriana.Raffo@yopmail.com,Adriana.Raffo@gmail.com,police officer,355
455,Sharai,Middleton,Sharai.Middleton@yopmail.com,Sharai.Middleton@gmail.com,police officer,356
456,Jsandye,Seessel,Jsandye.Seessel@yopmail.com,Jsandye.Seessel@gmail.com,worker,357
457,Ana,Bearnard,Ana.Bearnard@yopmail.com,Ana.Bearnard@gmail.com,police officer,358
458,Berta,Center,Berta.Center@yopmail.com,Berta.Center@gmail.com,worker,359
459,Lory,Nester,Lory.Nester@yopmail.com,Lory.Nester@gmail.com,police officer,360
460,Kirbee,Bluh,Kirbee.Bluh@yopmail.com,Kirbee.Bluh@gmail.com,doctor,361
461,Alisha,Suzetta,Alisha.Suzetta@yopmail.com,Alisha.Suzetta@gmail.com,police officer,362
462,Paule,Merell,Paule.Merell@yopmail.com,Paule.Merell@gmail.com,firefighter,363
463,Hallie,Wilkinson,Hallie.Wilkinson@yopmail.com,Hallie.Wilkinson@gmail.com,developer,364
464,Marti,Velick,Marti.Velick@yopmail.com,Marti.Velick@gmail.com,developer,365
465,Chloris,Gaynor,Chloris.Gaynor@yopmail.com,Chloris.Gaynor@gmail.com,developer,366
466,Jenda,Lalitta,Jenda.Lalitta@yopmail.com,Jenda.Lalitta@gmail.com,doctor,367
467,Brooks,Bury,Brooks.Bury@yopmail.com,Brooks.Bury@gmail.com,developer,368
468,Ruthe,Johanna,Ruthe.Johanna@yopmail.com,Ruthe.Johanna@gmail.com,police officer,369
469,Binny,Vins,Binny.Vins@yopmail.com,Binny.Vins@gmail.com,police officer,370
470,Etta,Henebry,Etta.Henebry@yopmail.com,Etta.Henebry@gmail.com,doctor,371
471,Lacie,Garlinda,Lacie.Garlinda@yopmail.com,Lacie.Garlinda@gmail.com,police officer,372
472,Maud,Meter,Maud.Meter@yopmail.com,Maud.Meter@gmail.com,worker,373
473,Madeleine,Dudley,Madeleine.Dudley@yopmail.com,Madeleine.Dudley@gmail.com,developer,374
474,Brandise,Urania,Brandise.Urania@yopmail.com,Brandise.Urania@gmail.com,firefighter,375
475,Averyl,Toor,Averyl.Toor@yopmail.com,Averyl.Toor@gmail.com,worker,376
476,Regina,Tippets,Regina.Tippets@yopmail.com,Regina.Tippets@gmail.com,developer,377
477,Mureil,Stoller,Mureil.Stoller@yopmail.com,Mureil.Stoller@gmail.com,firefighter,378
478,Raf,Bonucci,Raf.Bonucci@yopmail.com,Raf.Bonucci@gmail.com,developer,379
479,Letizia,Cimbura,Letizia.Cimbura@yopmail.com,Letizia.Cimbura@gmail.com,doctor,380
480,Lulita,Cloris,Lulita.Cloris@yopmail.com,Lulita.Cloris@gmail.com,developer,381
481,Dulcinea,Peg,Dulcinea.Peg@yopmail.com,Dulcinea.Peg@gmail.com,developer,382
482,Mariann,Trace,Mariann.Trace@yopmail.com,Mariann.Trace@gmail.com,firefighter,383
483,Sidoney,Brady,Sidoney.Brady@yopmail.com,Sidoney.Brady@gmail.com,firefighter,384
484,Maurene,Elisha,Maurene.Elisha@yopmail.com,Maurene.Elisha@gmail.com,doctor,385
485,Dolli,Dowski,Dolli.Dowski@yopmail.com,Dolli.Dowski@gmail.com,worker,386
486,Paule,Mike,Paule.Mike@yopmail.com,Paule.Mike@gmail.com,developer,387
487,Alyda,Schroth,Alyda.Schroth@yopmail.com,Alyda.Schroth@gmail.com,doctor,388
488,Kenna,Capello,Kenna.Capello@yopmail.com,Kenna.Capello@gmail.com,doctor,389
489,Ardys,Shaddock,Ardys.Shaddock@yopmail.com,Ardys.Shaddock@gmail.com,firefighter,390
490,Janenna,Bebe,Janenna.Bebe@yopmail.com,Janenna.Bebe@gmail.com,police officer,391
491,Jasmina,Freddi,Jasmina.Freddi@yopmail.com,Jasmina.Freddi@gmail.com,worker,392
492,Sindee,Tyson,Sindee.Tyson@yopmail.com,Sindee.Tyson@gmail.com,worker,393
493,Phylis,Suanne,Phylis.Suanne@yopmail.com,Phylis.Suanne@gmail.com,worker,394
494,Cordi,Abram,Cordi.Abram@yopmail.com,Cordi.Abram@gmail.com,worker,395
495,Nerta,Oriana,Nerta.Oriana@yopmail.com,Nerta.Oriana@gmail.com,worker,396
496,Lolita,Rosalba,Lolita.Rosalba@yopmail.com,Lolita.Rosalba@gmail.com,worker,397
497,Jaclyn,Cleavland,Jaclyn.Cleavland@yopmail.com,Jaclyn.Cleavland@gmail.com,police officer,398
498,Alameda,Ade,Alameda.Ade@yopmail.com,Alameda.Ade@gmail.com,doctor,399
499,Kittie,Othilia,Kittie.Othilia@yopmail.com,Kittie.Othilia@gmail.com,firefighter,400
500,Rosanne,Winthorpe,Rosanne.Winthorpe@yopmail.com,Rosanne.Winthorpe@gmail.com,worker,401
501,Dale,Harl,Dale.Harl@yopmail.com,Dale.Harl@gmail.com,worker,402
502,Carol-Jean,Riva,Carol-Jean.Riva@yopmail.com,Carol-Jean.Riva@gmail.com,police officer,403
503,Anica,Stevy,Anica.Stevy@yopmail.com,Anica.Stevy@gmail.com,police officer,404
504,Kamilah,Kermit,Kamilah.Kermit@yopmail.com,Kamilah.Kermit@gmail.com,doctor,405
505,Gale,Alcott,Gale.Alcott@yopmail.com,Gale.Alcott@gmail.com,worker,406
506,Sandie,Turne,Sandie.Turne@yopmail.com,Sandie.Turne@gmail.com,developer,407
507,Collen,Lilybelle,Collen.Lilybelle@yopmail.com,Collen.Lilybelle@gmail.com,firefighter,408
508,Lizzie,Joachim,Lizzie.Joachim@yopmail.com,Lizzie.Joachim@gmail.com,developer,409
509,Tonia,Lay,Tonia.Lay@yopmail.com,Tonia.Lay@gmail.com,firefighter,410
510,Dione,Adrienne,Dione.Adrienne@yopmail.com,Dione.Adrienne@gmail.com,doctor,411
511,Bertine,Orlene,Bertine.Orlene@yopmail.com,Bertine.Orlene@gmail.com,developer,412
512,Maurene,Oster,Maurene.Oster@yopmail.com,Maurene.Oster@gmail.com,developer,413
513,Kirbee,Damarra,Kirbee.Damarra@yopmail.com,Kirbee.Damarra@gmail.com,police officer,414
514,Cordi,Slifka,Cordi.Slifka@yopmail.com,Cordi.Slifka@gmail.com,doctor,415
515,Nickie,Dowski,Nickie.Dowski@yopmail.com,Nickie.Dowski@gmail.com,doctor,416
516,Gerianna,Mehalek,Gerianna.Mehalek@yopmail.com,Gerianna.Mehalek@gmail.com,firefighter,417
517,Fanny,Anderea,Fanny.Anderea@yopmail.com,Fanny.Anderea@gmail.com,doctor,418
518,Cristine,Howlyn,Cristine.Howlyn@yopmail.com,Cristine.Howlyn@gmail.com,worker,419
519,Merci,Bonilla,Merci.Bonilla@yopmail.com,Merci.Bonilla@gmail.com,firefighter,420
520,Carlie,Marlie,Carlie.Marlie@yopmail.com,Carlie.Marlie@gmail.com,doctor,421
521,Meg,Leler,Meg.Leler@yopmail.com,Meg.Leler@gmail.com,doctor,422
522,Gwyneth,Malina,Gwyneth.Malina@yopmail.com,Gwyneth.Malina@gmail.com,developer,423
523,Ilse,Cloris,Ilse.Cloris@yopmail.com,Ilse.Cloris@gmail.com,worker,424
524,Viki,Posner,Viki.Posner@yopmail.com,Viki.Posner@gmail.com,worker,425
525,Mellicent,Bobbee,Mellicent.Bobbee@yopmail.com,Mellicent.Bobbee@gmail.com,doctor,426
526,Ninnetta,Alfons,Ninnetta.Alfons@yopmail.com,Ninnetta.Alfons@gmail.com,developer,427
527,Chloris,Dominy,Chloris.Dominy@yopmail.com,Chloris.Dominy@gmail.com,police officer,428
528,Kate,Camden,Kate.Camden@yopmail.com,Kate.Camden@gmail.com,police officer,429
529,Margalo,Mathilde,Margalo.Mathilde@yopmail.com,Margalo.Mathilde@gmail.com,worker,430
530,Pearline,Durante,Pearline.Durante@yopmail.com,Pearline.Durante@gmail.com,police officer,431
531,Glynnis,Goode,Glynnis.Goode@yopmail.com,Glynnis.Goode@gmail.com,police officer,432
532,Barbi,Newell,Barbi.Newell@yopmail.com,Barbi.Newell@gmail.com,worker,433
533,Ann-Marie,Merell,Ann-Marie.Merell@yopmail.com,Ann-Marie.Merell@gmail.com,developer,434
534,Darlleen,Dalli,Darlleen.Dalli@yopmail.com,Darlleen.Dalli@gmail.com,doctor,435
535,Claresta,Phaidra,Claresta.Phaidra@yopmail.com,Claresta.Phaidra@gmail.com,worker,436
536,Valera,Chesna,Valera.Chesna@yopmail.com,Valera.Chesna@gmail.com,developer,437
537,Lila,Bakerman,Lila.Bakerman@yopmail.com,Lila.Bakerman@gmail.com,worker,438
538,Noelle,Duwalt,Noelle.Duwalt@yopmail.com,Noelle.Duwalt@gmail.com,firefighter,439
539,Yolane,Malina,Yolane.Malina@yopmail.com,Yolane.Malina@gmail.com,police officer,440
540,Mary,Brian,Mary.Brian@yopmail.com,Mary.Brian@gmail.com,doctor,441
541,Correy,Abernon,Correy.Abernon@yopmail.com,Correy.Abernon@gmail.com,firefighter,442
542,Krystle,Chauncey,Krystle.Chauncey@yopmail.com,Krystle.Chauncey@gmail.com,developer,443
543,Nicoli,Hieronymus,Nicoli.Hieronymus@yopmail.com,Nicoli.Hieronymus@gmail.com,developer,444
544,Letizia,Carlson,Letizia.Carlson@yopmail.com,Letizia.Carlson@gmail.com,doctor,445
545,Constance,Arley,Constance.Arley@yopmail.com,Constance.Arley@gmail.com,police officer,446
546,Gavrielle,Agle,Gavrielle.Agle@yopmail.com,Gavrielle.Agle@gmail.com,police officer,447
547,Nyssa,Flyn,Nyssa.Flyn@yopmail.com,Nyssa.Flyn@gmail.com,worker,448
548,Clo,Zina,Clo.Zina@yopmail.com,Clo.Zina@gmail.com,developer,449
549,Ursulina,Artie,Ursulina.Artie@yopmail.com,Ursulina.Artie@gmail.com,developer,450
550,Jerry,Fabiola,Jerry.Fabiola@yopmail.com,Jerry.Fabiola@gmail.com,firefighter,451
551,Heddie,Rebecka,Heddie.Rebecka@yopmail.com,Heddie.Rebecka@gmail.com,worker,452
552,Marjie,Leler,Marjie.Leler@yopmail.com,Marjie.Leler@gmail.com,worker,453
553,Lila,Anis,Lila.Anis@yopmail.com,Lila.Anis@gmail.com,firefighter,454
554,Mamie,Sikorski,Mamie.Sikorski@yopmail.com,Mamie.Sikorski@gmail.com,doctor,455
555,Adelle,Ogren,Adelle.Ogren@yopmail.com,Adelle.Ogren@gmail.com,firefighter,456
556,Heddie,Kussell,Heddie.Kussell@yopmail.com,Heddie.Kussell@gmail.com,worker,457
557,Orelia,Bollay,Orelia.Bollay@yopmail.com,Orelia.Bollay@gmail.com,worker,458
558,Leona,Edison,Leona.Edison@yopmail.com,Leona.Edison@gmail.com,police officer,459
559,Korrie,Ortrude,Korrie.Ortrude@yopmail.com,Korrie.Ortrude@gmail.com,worker,460
560,Modestia,Japeth,Modestia.Japeth@yopmail.com,Modestia.Japeth@gmail.com,police officer,461
561,Janis,Noman,Janis.Noman@yopmail.com,Janis.Noman@gmail.com,police officer,462
562,Tersina,Aldric,Tersina.Aldric@yopmail.com,Tersina.Aldric@gmail.com,doctor,463
563,Ninnetta,Soneson,Ninnetta.Soneson@yopmail.com,Ninnetta.Soneson@gmail.com,worker,464
564,Frank,Delp,Frank.Delp@yopmail.com,Frank.Delp@gmail.com,developer,465
565,Nataline,Burkle,Nataline.Burkle@yopmail.com,Nataline.Burkle@gmail.com,developer,466
566,Merle,Center,Merle.Center@yopmail.com,Merle.Center@gmail.com,police officer,467
567,Gisela,Niccolo,Gisela.Niccolo@yopmail.com,Gisela.Niccolo@gmail.com,firefighter,468
568,Marguerite,Randene,Marguerite.Randene@yopmail.com,Marguerite.Randene@gmail.com,police officer,469
569,Jemie,Hull,Jemie.Hull@yopmail.com,Jemie.Hull@gmail.com,worker,470
570,Latisha,Grosz,Latisha.Grosz@yopmail.com,Latisha.Grosz@gmail.com,firefighter,471
571,Starla,Mintz,Starla.Mintz@yopmail.com,Starla.Mintz@gmail.com,developer,472
572,Chrystel,Whiffen,Chrystel.Whiffen@yopmail.com,Chrystel.Whiffen@gmail.com,developer,473
573,Philis,Erlandson,Philis.Erlandson@yopmail.com,Philis.Erlandson@gmail.com,doctor,474
574,Aeriela,Eugenia,Aeriela.Eugenia@yopmail.com,Aeriela.Eugenia@gmail.com,firefighter,475
575,Darci,Gunn,Darci.Gunn@yopmail.com,Darci.Gunn@gmail.com,firefighter,476
576,Eolanda,Eliathas,Eolanda.Eliathas@yopmail.com,Eolanda.Eliathas@gmail.com,firefighter,477
577,Marleah,Schenck,Marleah.Schenck@yopmail.com,Marleah.Schenck@gmail.com,police officer,478
578,Marleah,Joli,Marleah.Joli@yopmail.com,Marleah.Joli@gmail.com,developer,479
579,Corly,Krystle,Corly.Krystle@yopmail.com,Corly.Krystle@gmail.com,police officer,480
580,Sadie,Goth,Sadie.Goth@yopmail.com,Sadie.Goth@gmail.com,firefighter,481
581,Ardys,Han,Ardys.Han@yopmail.com,Ardys.Han@gmail.com,firefighter,482
582,Tabbatha,Frodi,Tabbatha.Frodi@yopmail.com,Tabbatha.Frodi@gmail.com,worker,483
583,Karolina,Rozanna,Karolina.Rozanna@yopmail.com,Karolina.Rozanna@gmail.com,firefighter,484
584,Myrtice,Gordon,Myrtice.Gordon@yopmail.com,Myrtice.Gordon@gmail.com,worker,485
585,Marita,Abbot,Marita.Abbot@yopmail.com,Marita.Abbot@gmail.com,worker,486
586,Aurore,Freddi,Aurore.Freddi@yopmail.com,Aurore.Freddi@gmail.com,worker,487
587,Dotty,Carri,Dotty.Carri@yopmail.com,Dotty.Carri@gmail.com,developer,488
588,Riannon,Iaverne,Riannon.Iaverne@yopmail.com,Riannon.Iaverne@gmail.com,doctor,489
589,Jenda,Graig,Jenda.Graig@yopmail.com,Jenda.Graig@gmail.com,developer,490
590,Madalyn,Zola,Madalyn.Zola@yopmail.com,Madalyn.Zola@gmail.com,developer,491
591,Jean,Shaver,Jean.Shaver@yopmail.com,Jean.Shaver@gmail.com,developer,492
592,Ileana,Thunell,Ileana.Thunell@yopmail.com,Ileana.Thunell@gmail.com,firefighter,493
593,Linet,Marlie,Linet.Marlie@yopmail.com,Linet.Marlie@gmail.com,doctor,494
594,Dulce,Wyn,Dulce.Wyn@yopmail.com,Dulce.Wyn@gmail.com,doctor,495
595,Jasmina,Zina,Jasmina.Zina@yopmail.com,Jasmina.Zina@gmail.com,developer,496
596,Judy,Keily,Judy.Keily@yopmail.com,Judy.Keily@gmail.com,doctor,497
597,Nyssa,Peti,Nyssa.Peti@yopmail.com,Nyssa.Peti@gmail.com,police officer,498
598,Georgetta,Karylin,Georgetta.Karylin@yopmail.com,Georgetta.Karylin@gmail.com,doctor,499
599,Taffy,Nedrud,Taffy.Nedrud@yopmail.com,Taffy.Nedrud@gmail.com,worker,500
600,Dacia,Hamil,Dacia.Hamil@yopmail.com,Dacia.Hamil@gmail.com,worker,501
601,Carree,Berl,Carree.Berl@yopmail.com,Carree.Berl@gmail.com,firefighter,502
602,Cherrita,Bryna,Cherrita.Bryna@yopmail.com,Cherrita.Bryna@gmail.com,worker,503
603,Dorthy,Anton,Dorthy.Anton@yopmail.com,Dorthy.Anton@gmail.com,police officer,504
604,Lorne,Greenwald,Lorne.Greenwald@yopmail.com,Lorne.Greenwald@gmail.com,worker,505
605,Sibella,Tiffa,Sibella.Tiffa@yopmail.com,Sibella.Tiffa@gmail.com,firefighter,506
606,Devina,Bibi,Devina.Bibi@yopmail.com,Devina.Bibi@gmail.com,worker,507
607,Ariela,Tayib,Ariela.Tayib@yopmail.com,Ariela.Tayib@gmail.com,firefighter,508
608,Pierette,Andrel,Pierette.Andrel@yopmail.com,Pierette.Andrel@gmail.com,worker,509
609,Melina,Lindemann,Melina.Lindemann@yopmail.com,Melina.Lindemann@gmail.com,police officer,510
610,Raf,Turne,Raf.Turne@yopmail.com,Raf.Turne@gmail.com,doctor,511
611,Mureil,Deegan,Mureil.Deegan@yopmail.com,Mureil.Deegan@gmail.com,worker,512
612,Kimmy,Haldas,Kimmy.Haldas@yopmail.com,Kimmy.Haldas@gmail.com,firefighter,513
613,Asia,Croix,Asia.Croix@yopmail.com,Asia.Croix@gmail.com,doctor,514
614,Lenna,Bethany,Lenna.Bethany@yopmail.com,Lenna.Bethany@gmail.com,police officer,515
615,Alie,Mata,Alie.Mata@yopmail.com,Alie.Mata@gmail.com,police officer,516
616,Josephine,Lattie,Josephine.Lattie@yopmail.com,Josephine.Lattie@gmail.com,doctor,517
617,Joceline,Hertzfeld,Joceline.Hertzfeld@yopmail.com,Joceline.Hertzfeld@gmail.com,police officer,518
618,Nickie,Whiffen,Nickie.Whiffen@yopmail.com,Nickie.Whiffen@gmail.com,worker,519
619,Georgetta,Honoria,Georgetta.Honoria@yopmail.com,Georgetta.Honoria@gmail.com,firefighter,520
620,Phedra,Lacombe,Phedra.Lacombe@yopmail.com,Phedra.Lacombe@gmail.com,worker,521
621,Hollie,Zuzana,Hollie.Zuzana@yopmail.com,Hollie.Zuzana@gmail.com,police officer,522
622,Eadie,Tomasina,Eadie.Tomasina@yopmail.com,Eadie.Tomasina@gmail.com,doctor,523
623,Magdalena,Anyah,Magdalena.Anyah@yopmail.com,Magdalena.Anyah@gmail.com,police officer,524
624,Gloria,Frendel,Gloria.Frendel@yopmail.com,Gloria.Frendel@gmail.com,doctor,525
625,Adele,Masao,Adele.Masao@yopmail.com,Adele.Masao@gmail.com,developer,526
626,Cristabel,Kalinda,Cristabel.Kalinda@yopmail.com,Cristabel.Kalinda@gmail.com,doctor,527
627,Gui,Berriman,Gui.Berriman@yopmail.com,Gui.Berriman@gmail.com,police officer,528
628,Nessie,Tarrant,Nessie.Tarrant@yopmail.com,Nessie.Tarrant@gmail.com,firefighter,529
629,Averyl,Croix,Averyl.Croix@yopmail.com,Averyl.Croix@gmail.com,doctor,530
630,Joleen,Mozelle,Joleen.Mozelle@yopmail.com,Joleen.Mozelle@gmail.com,police officer,531
631,Lynde,Curren,Lynde.Curren@yopmail.com,Lynde.Curren@gmail.com,worker,532
632,Jacquetta,Pond,Jacquetta.Pond@yopmail.com,Jacquetta.Pond@gmail.com,worker,533
633,Carree,Pettiford,Carree.Pettiford@yopmail.com,Carree.Pettiford@gmail.com,doctor,534
634,Wileen,Bennie,Wileen.Bennie@yopmail.com,Wileen.Bennie@gmail.com,doctor,535
635,Bee,Bluh,Bee.Bluh@yopmail.com,Bee.Bluh@gmail.com,worker,536
636,Corina,Stacy,Corina.Stacy@yopmail.com,Corina.Stacy@gmail.com,worker,537
637,Zia,Sabella,Zia.Sabella@yopmail.com,Zia.Sabella@gmail.com,worker,538
638,Louella,Ledah,Louella.Ledah@yopmail.com,Louella.Ledah@gmail.com,firefighter,539
639,Bobinette,Maryanne,Bobinette.Maryanne@yopmail.com,Bobinette.Maryanne@gmail.com,doctor,540
640,Joane,Yoko,Joane.Yoko@yopmail.com,Joane.Yoko@gmail.com,doctor,541
641,Lizzie,Kendrick,Lizzie.Kendrick@yopmail.com,Lizzie.Kendrick@gmail.com,firefighter,542
642,Marsiella,Merat,Marsiella.Merat@yopmail.com,Marsiella.Merat@gmail.com,firefighter,543
643,Myriam,Federica,Myriam.Federica@yopmail.com,Myriam.Federica@gmail.com,worker,544
644,Leanna,Hertzfeld,Leanna.Hertzfeld@yopmail.com,Leanna.Hertzfeld@gmail.com,worker,545
645,Edith,Thar,Edith.Thar@yopmail.com,Edith.Thar@gmail.com,police officer,546
646,Wileen,Catie,Wileen.Catie@yopmail.com,Wileen.Catie@gmail.com,worker,547
647,Diena,Pandolfi,Diena.Pandolfi@yopmail.com,Diena.Pandolfi@gmail.com,police officer,548
648,Ardys,Tomasina,Ardys.Tomasina@yopmail.com,Ardys.Tomasina@gmail.com,worker,549
649,Lynnea,Vastah,Lynnea.Vastah@yopmail.com,Lynnea.Vastah@gmail.com,developer,550
650,Anthia,Deegan,Anthia.Deegan@yopmail.com,Anthia.Deegan@gmail.com,police officer,551
651,Beth,Stilwell,Beth.Stilwell@yopmail.com,Beth.Stilwell@gmail.com,developer,552
652,Lelah,Septima,Lelah.Septima@yopmail.com,Lelah.Septima@gmail.com,police officer,553
653,Glenda,Iphlgenia,Glenda.Iphlgenia@yopmail.com,Glenda.Iphlgenia@gmail.com,worker,554
654,Ofilia,Oster,Ofilia.Oster@yopmail.com,Ofilia.Oster@gmail.com,police officer,555
655,Merrie,Truc,Merrie.Truc@yopmail.com,Merrie.Truc@gmail.com,worker,556
656,Tersina,Hathaway,Tersina.Hathaway@yopmail.com,Tersina.Hathaway@gmail.com,firefighter,557
657,Kathy,Winnick,Kathy.Winnick@yopmail.com,Kathy.Winnick@gmail.com,developer,558
658,Darlleen,Auberbach,Darlleen.Auberbach@yopmail.com,Darlleen.Auberbach@gmail.com,firefighter,559
659,Nadine,Delila,Nadine.Delila@yopmail.com,Nadine.Delila@gmail.com,firefighter,560
660,Daryl,Gerge,Daryl.Gerge@yopmail.com,Daryl.Gerge@gmail.com,firefighter,561
661,Phylis,Edvard,Phylis.Edvard@yopmail.com,Phylis.Edvard@gmail.com,police officer,562
662,Joy,Forrer,Joy.Forrer@yopmail.com,Joy.Forrer@gmail.com,firefighter,563
663,Vevay,Cloris,Vevay.Cloris@yopmail.com,Vevay.Cloris@gmail.com,worker,564
664,Eadie,Gavrila,Eadie.Gavrila@yopmail.com,Eadie.Gavrila@gmail.com,firefighter,565
665,Alia,Janith,Alia.Janith@yopmail.com,Alia.Janith@gmail.com,police officer,566
666,Roz,Bertold,Roz.Bertold@yopmail.com,Roz.Bertold@gmail.com,firefighter,567
667,Norine,Leffen,Norine.Leffen@yopmail.com,Norine.Leffen@gmail.com,police officer,568
668,Chere,Lorenz,Chere.Lorenz@yopmail.com,Chere.Lorenz@gmail.com,police officer,569
669,Candi,Hylan,Candi.Hylan@yopmail.com,Candi.Hylan@gmail.com,doctor,570
670,Alexine,Erlandson,Alexine.Erlandson@yopmail.com,Alexine.Erlandson@gmail.com,police officer,571
671,Kara-Lynn,Erminia,Kara-Lynn.Erminia@yopmail.com,Kara-Lynn.Erminia@gmail.com,firefighter,572
672,Priscilla,Land,Priscilla.Land@yopmail.com,Priscilla.Land@gmail.com,developer,573
673,Lauryn,Ricarda,Lauryn.Ricarda@yopmail.com,Lauryn.Ricarda@gmail.com,worker,574
674,Helena,Percy,Helena.Percy@yopmail.com,Helena.Percy@gmail.com,worker,575
675,Florie,Geffner,Florie.Geffner@yopmail.com,Florie.Geffner@gmail.com,firefighter,576
676,Alejandra,Kermit,Alejandra.Kermit@yopmail.com,Alejandra.Kermit@gmail.com,developer,577
677,Allyce,Concha,Allyce.Concha@yopmail.com,Allyce.Concha@gmail.com,doctor,578
678,Theodora,Cleo,Theodora.Cleo@yopmail.com,Theodora.Cleo@gmail.com,developer,579
679,Nannie,Madelene,Nannie.Madelene@yopmail.com,Nannie.Madelene@gmail.com,developer,580
680,Rozele,Johanna,Rozele.Johanna@yopmail.com,Rozele.Johanna@gmail.com,developer,581
681,Jennica,Roxanna,Jennica.Roxanna@yopmail.com,Jennica.Roxanna@gmail.com,police officer,582
682,Leia,Macey,Leia.Macey@yopmail.com,Leia.Macey@gmail.com,police officer,583
683,Annaliese,Yorick,Annaliese.Yorick@yopmail.com,Annaliese.Yorick@gmail.com,firefighter,584
684,Robbi,Pitt,Robbi.Pitt@yopmail.com,Robbi.Pitt@gmail.com,developer,585
685,Sheree,Ferrell,Sheree.Ferrell@yopmail.com,Sheree.Ferrell@gmail.com,developer,586
686,Chickie,Hollingsworth,Chickie.Hollingsworth@yopmail.com,Chickie.Hollingsworth@gmail.com,worker,587
687,Valeda,Pitt,Valeda.Pitt@yopmail.com,Valeda.Pitt@gmail.com,doctor,588
688,Helena,Cristi,Helena.Cristi@yopmail.com,Helena.Cristi@gmail.com,police officer,589
689,Talya,Pascia,Talya.Pascia@yopmail.com,Talya.Pascia@gmail.com,firefighter,590
690,Catharine,Narton,Catharine.Narton@yopmail.com,Catharine.Narton@gmail.com,police officer,591
691,Mariann,Mandler,Mariann.Mandler@yopmail.com,Mariann.Mandler@gmail.com,developer,592
692,Meg,Jerald,Meg.Jerald@yopmail.com,Meg.Jerald@gmail.com,firefighter,593
693,Mahalia,Skell,Mahalia.Skell@yopmail.com,Mahalia.Skell@gmail.com,doctor,594
694,Wynne,Roscoe,Wynne.Roscoe@yopmail.com,Wynne.Roscoe@gmail.com,worker,595
695,Consuela,Anyah,Consuela.Anyah@yopmail.com,Consuela.Anyah@gmail.com,police officer,596
696,Gui,Carlson,Gui.Carlson@yopmail.com,Gui.Carlson@gmail.com,doctor,597
697,Jobi,Toni,Jobi.Toni@yopmail.com,Jobi.Toni@gmail.com,doctor,598
698,Kary,Erlandson,Kary.Erlandson@yopmail.com,Kary.Erlandson@gmail.com,doctor,599
699,Yvonne,Claudine,Yvonne.Claudine@yopmail.com,Yvonne.Claudine@gmail.com,police officer,600
700,Viki,Elbertina,Viki.Elbertina@yopmail.com,Viki.Elbertina@gmail.com,worker,601
701,Selia,Cordi,Selia.Cordi@yopmail.com,Selia.Cordi@gmail.com,firefighter,602
702,Jessamyn,Bonilla,Jessamyn.Bonilla@yopmail.com,Jessamyn.Bonilla@gmail.com,firefighter,603
703,Viviene,Publia,Viviene.Publia@yopmail.com,Viviene.Publia@gmail.com,police officer,604
704,Nita,Valerio,Nita.Valerio@yopmail.com,Nita.Valerio@gmail.com,firefighter,605
705,Jenilee,Jammal,Jenilee.Jammal@yopmail.com,Jenilee.Jammal@gmail.com,worker,606
706,Nita,Helve,Nita.Helve@yopmail.com,Nita.Helve@gmail.com,worker,607
707,Candy,Sinegold,Candy.Sinegold@yopmail.com,Candy.Sinegold@gmail.com,worker,608
708,Selia,Lewes,Selia.Lewes@yopmail.com,Selia.Lewes@gmail.com,developer,609
709,Zia,Rese,Zia.Rese@yopmail.com,Zia.Rese@gmail.com,firefighter,610
710,Frank,Valerio,Frank.Valerio@yopmail.com,Frank.Valerio@gmail.com,worker,611
711,Vere,McLaughlin,Vere.McLaughlin@yopmail.com,Vere.McLaughlin@gmail.com,police officer,612
712,Ginnie,Tatianas,Ginnie.Tatianas@yopmail.com,Ginnie.Tatianas@gmail.com,worker,613
713,Dyann,Urias,Dyann.Urias@yopmail.com,Dyann.Urias@gmail.com,firefighter,614
714,Alisha,Ashely,Alisha.Ashely@yopmail.com,Alisha.Ashely@gmail.com,police officer,615
715,Josephine,Tufts,Josephine.Tufts@yopmail.com,Josephine.Tufts@gmail.com,developer,616
716,Emmey,Wadell,Emmey.Wadell@yopmail.com,Emmey.Wadell@gmail.com,firefighter,617
717,Quintina,Kaete,Quintina.Kaete@yopmail.com,Quintina.Kaete@gmail.com,worker,618
718,Maurene,Quinn,Maurene.Quinn@yopmail.com,Maurene.Quinn@gmail.com,doctor,619
719,Renie,Caitlin,Renie.Caitlin@yopmail.com,Renie.Caitlin@gmail.com,worker,620
720,Antonietta,Luhe,Antonietta.Luhe@yopmail.com,Antonietta.Luhe@gmail.com,doctor,621
721,Sadie,Kirstin,Sadie.Kirstin@yopmail.com,Sadie.Kirstin@gmail.com,firefighter,622
722,Vinita,Giff,Vinita.Giff@yopmail.com,Vinita.Giff@gmail.com,police officer,623
723,Janey,Pulsifer,Janey.Pulsifer@yopmail.com,Janey.Pulsifer@gmail.com,developer,624
724,Cindelyn,Salchunas,Cindelyn.Salchunas@yopmail.com,Cindelyn.Salchunas@gmail.com,worker,625
725,Emylee,Anestassia,Emylee.Anestassia@yopmail.com,Emylee.Anestassia@gmail.com,police officer,626
726,Mellicent,Lasley,Mellicent.Lasley@yopmail.com,Mellicent.Lasley@gmail.com,worker,627
727,Marleah,Tremayne,Marleah.Tremayne@yopmail.com,Marleah.Tremayne@gmail.com,developer,628
728,Ardenia,Adlare,Ardenia.Adlare@yopmail.com,Ardenia.Adlare@gmail.com,firefighter,629
729,Camile,Natalia,Camile.Natalia@yopmail.com,Camile.Natalia@gmail.com,firefighter,630
730,Norine,Azeria,Norine.Azeria@yopmail.com,Norine.Azeria@gmail.com,worker,631
731,Alia,Lamoree,Alia.Lamoree@yopmail.com,Alia.Lamoree@gmail.com,developer,632
732,Aaren,Candy,Aaren.Candy@yopmail.com,Aaren.Candy@gmail.com,developer,633
733,Blinni,Daniele,Blinni.Daniele@yopmail.com,Blinni.Daniele@gmail.com,worker,634
734,Robinia,Pascia,Robinia.Pascia@yopmail.com,Robinia.Pascia@gmail.com,developer,635
735,Dulce,Odysseus,Dulce.Odysseus@yopmail.com,Dulce.Odysseus@gmail.com,police officer,636
736,Nicoli,Eiser,Nicoli.Eiser@yopmail.com,Nicoli.Eiser@gmail.com,firefighter,637
737,Carol-Jean,Georgy,Carol-Jean.Georgy@yopmail.com,Carol-Jean.Georgy@gmail.com,developer,638
738,Harmonia,Lumbard,Harmonia.Lumbard@yopmail.com,Harmonia.Lumbard@gmail.com,police officer,639
739,Nelle,Elisha,Nelle.Elisha@yopmail.com,Nelle.Elisha@gmail.com,worker,640
740,Eugine,Casimir,Eugine.Casimir@yopmail.com,Eugine.Casimir@gmail.com,firefighter,641
741,Carolina,Allare,Carolina.Allare@yopmail.com,Carolina.Allare@gmail.com,worker,642
742,Susette,Chobot,Susette.Chobot@yopmail.com,Susette.Chobot@gmail.com,firefighter,643
743,Norine,Remmer,Norine.Remmer@yopmail.com,Norine.Remmer@gmail.com,firefighter,644
744,Tatiania,Thar,Tatiania.Thar@yopmail.com,Tatiania.Thar@gmail.com,developer,645
745,Dede,Ader,Dede.Ader@yopmail.com,Dede.Ader@gmail.com,worker,646
746,Henriette,Afton,Henriette.Afton@yopmail.com,Henriette.Afton@gmail.com,firefighter,647
747,Ardys,Dermott,Ardys.Dermott@yopmail.com,Ardys.Dermott@gmail.com,developer,648
748,Angelique,Hertzfeld,Angelique.Hertzfeld@yopmail.com,Angelique.Hertzfeld@gmail.com,firefighter,649
749,Dolli,Bivins,Dolli.Bivins@yopmail.com,Dolli.Bivins@gmail.com,doctor,650
750,Rayna,Pond,Rayna.Pond@yopmail.com,Rayna.Pond@gmail.com,worker,651
751,Ursulina,Joseph,Ursulina.Joseph@yopmail.com,Ursulina.Joseph@gmail.com,firefighter,652
752,Fredericka,Evangelia,Fredericka.Evangelia@yopmail.com,Fredericka.Evangelia@gmail.com,developer,653
753,Adriana,Marijo,Adriana.Marijo@yopmail.com,Adriana.Marijo@gmail.com,worker,654
754,Jeanna,Palocz,Jeanna.Palocz@yopmail.com,Jeanna.Palocz@gmail.com,worker,655
755,Shel,Jammal,Shel.Jammal@yopmail.com,Shel.Jammal@gmail.com,police officer,656
756,Gisela,Thilda,Gisela.Thilda@yopmail.com,Gisela.Thilda@gmail.com,police officer,657
757,Dale,Huggins,Dale.Huggins@yopmail.com,Dale.Huggins@gmail.com,firefighter,658
758,Regina,Demitria,Regina.Demitria@yopmail.com,Regina.Demitria@gmail.com,worker,659
759,Halette,Kare,Halette.Kare@yopmail.com,Halette.Kare@gmail.com,police officer,660
760,Hildegaard,Voletta,Hildegaard.Voletta@yopmail.com,Hildegaard.Voletta@gmail.com,worker,661
761,Catrina,Baudin,Catrina.Baudin@yopmail.com,Catrina.Baudin@gmail.com,doctor,662
762,Linzy,Kosey,Linzy.Kosey@yopmail.com,Linzy.Kosey@gmail.com,firefighter,663
763,Chastity,Maples,Chastity.Maples@yopmail.com,Chastity.Maples@gmail.com,doctor,664
764,Allyce,Bandeen,Allyce.Bandeen@yopmail.com,Allyce.Bandeen@gmail.com,developer,665
765,Kristan,Elisha,Kristan.Elisha@yopmail.com,Kristan.Elisha@gmail.com,firefighter,666
766,Gaylene,Merat,Gaylene.Merat@yopmail.com,Gaylene.Merat@gmail.com,police officer,667
767,Lelah,Judye,Lelah.Judye@yopmail.com,Lelah.Judye@gmail.com,worker,668
768,Gloria,Romelda,Gloria.Romelda@yopmail.com,Gloria.Romelda@gmail.com,developer,669
769,Cissiee,Tamsky,Cissiee.Tamsky@yopmail.com,Cissiee.Tamsky@gmail.com,police officer,670
770,Blake,Oscar,Blake.Oscar@yopmail.com,Blake.Oscar@gmail.com,developer,671
771,Wendi,Corabella,Wendi.Corabella@yopmail.com,Wendi.Corabella@gmail.com,firefighter,672
772,Keelia,Kunin,Keelia.Kunin@yopmail.com,Keelia.Kunin@gmail.com,worker,673
773,Sadie,Llovera,Sadie.Llovera@yopmail.com,Sadie.Llovera@gmail.com,developer,674
774,Melina,Bouchard,Melina.Bouchard@yopmail.com,Melina.Bouchard@gmail.com,police officer,675
775,Aubrie,Vins,Aubrie.Vins@yopmail.com,Aubrie.Vins@gmail.com,doctor,676
776,Doro,Rogerio,Doro.Rogerio@yopmail.com,Doro.Rogerio@gmail.com,firefighter,677
777,June,Doig,June.Doig@yopmail.com,June.Doig@gmail.com,firefighter,678
778,Yolane,Dannye,Yolane.Dannye@yopmail.com,Yolane.Dannye@gmail.com,developer,679
779,Melina,Hebner,Melina.Hebner@yopmail.com,Melina.Hebner@gmail.com,police officer,680
780,Aryn,Zitvaa,Aryn.Zitvaa@yopmail.com,Aryn.Zitvaa@gmail.com,police officer,681
781,Susette,Fiann,Susette.Fiann@yopmail.com,Susette.Fiann@gmail.com,worker,682
782,Phylis,Klemperer,Phylis.Klemperer@yopmail.com,Phylis.Klemperer@gmail.com,developer,683
783,Ethel,Yerkovich,Ethel.Yerkovich@yopmail.com,Ethel.Yerkovich@gmail.com,worker,684
784,Kary,Sparhawk,Kary.Sparhawk@yopmail.com,Kary.Sparhawk@gmail.com,doctor,685
785,Etta,Trace,Etta.Trace@yopmail.com,Etta.Trace@gmail.com,worker,686
786,Zaria,Kannry,Zaria.Kannry@yopmail.com,Zaria.Kannry@gmail.com,worker,687
787,Julieta,Schroth,Julieta.Schroth@yopmail.com,Julieta.Schroth@gmail.com,police officer,688
788,Isa,Markman,Isa.Markman@yopmail.com,Isa.Markman@gmail.com,doctor,689
789,Reeba,Lorain,Reeba.Lorain@yopmail.com,Reeba.Lorain@gmail.com,doctor,690
790,Gilligan,Denis,Gilligan.Denis@yopmail.com,Gilligan.Denis@gmail.com,doctor,691
791,Jessamyn,Faria,Jessamyn.Faria@yopmail.com,Jessamyn.Faria@gmail.com,firefighter,692
792,Kamilah,Ashok,Kamilah.Ashok@yopmail.com,Kamilah.Ashok@gmail.com,police officer,693
793,Vita,Tyson,Vita.Tyson@yopmail.com,Vita.Tyson@gmail.com,worker,694
794,Alleen,Michella,Alleen.Michella@yopmail.com,Alleen.Michella@gmail.com,police officer,695
795,Valeda,Secrest,Valeda.Secrest@yopmail.com,Valeda.Secrest@gmail.com,police officer,696
796,Binny,Peg,Binny.Peg@yopmail.com,Binny.Peg@gmail.com,doctor,697
797,Elsie,Leary,Elsie.Leary@yopmail.com,Elsie.Leary@gmail.com,firefighter,698
798,Tabbatha,Papageno,Tabbatha.Papageno@yopmail.com,Tabbatha.Papageno@gmail.com,worker,699
799,Chandra,Boycey,Chandra.Boycey@yopmail.com,Chandra.Boycey@gmail.com,firefighter,700
800,Arlena,Glovsky,Arlena.Glovsky@yopmail.com,Arlena.Glovsky@gmail.com,developer,701
801,Laurene,Birdella,Laurene.Birdella@yopmail.com,Laurene.Birdella@gmail.com,firefighter,702
802,Tamqrah,Even,Tamqrah.Even@yopmail.com,Tamqrah.Even@gmail.com,worker,703
803,Siana,Romelda,Siana.Romelda@yopmail.com,Siana.Romelda@gmail.com,doctor,704
804,Lenna,Roche,Lenna.Roche@yopmail.com,Lenna.Roche@gmail.com,police officer,705
805,Kathy,Junie,Kathy.Junie@yopmail.com,Kathy.Junie@gmail.com,developer,706
806,Sashenka,Natalia,Sashenka.Natalia@yopmail.com,Sashenka.Natalia@gmail.com,firefighter,707
807,Lacie,Flyn,Lacie.Flyn@yopmail.com,Lacie.Flyn@gmail.com,developer,708
808,Cindelyn,Medrek,Cindelyn.Medrek@yopmail.com,Cindelyn.Medrek@gmail.com,developer,709
809,Cristine,Bibi,Cristine.Bibi@yopmail.com,Cristine.Bibi@gmail.com,developer,710
810,Sandie,Lenny,Sandie.Lenny@yopmail.com,Sandie.Lenny@gmail.com,doctor,711
811,Wilma,Ingra,Wilma.Ingra@yopmail.com,Wilma.Ingra@gmail.com,police officer,712
812,Corina,Simmonds,Corina.Simmonds@yopmail.com,Corina.Simmonds@gmail.com,firefighter,713
813,Florie,Alabaster,Florie.Alabaster@yopmail.com,Florie.Alabaster@gmail.com,firefighter,714
814,Ira,Dahlia,Ira.Dahlia@yopmail.com,Ira.Dahlia@gmail.com,worker,715
815,Corina,Salchunas,Corina.Salchunas@yopmail.com,Corina.Salchunas@gmail.com,doctor,716
816,Atlanta,Creamer,Atlanta.Creamer@yopmail.com,Atlanta.Creamer@gmail.com,doctor,717
817,Maurene,Gregrory,Maurene.Gregrory@yopmail.com,Maurene.Gregrory@gmail.com,worker,718
818,Kayla,Morehouse,Kayla.Morehouse@yopmail.com,Kayla.Morehouse@gmail.com,worker,719
819,Deloria,Evvie,Deloria.Evvie@yopmail.com,Deloria.Evvie@gmail.com,doctor,720
820,Demetris,Ricarda,Demetris.Ricarda@yopmail.com,Demetris.Ricarda@gmail.com,police officer,721
821,Pollyanna,Malina,Pollyanna.Malina@yopmail.com,Pollyanna.Malina@gmail.com,police officer,722
822,Melodie,MacIntosh,Melodie.MacIntosh@yopmail.com,Melodie.MacIntosh@gmail.com,firefighter,723
823,Fanny,Velick,Fanny.Velick@yopmail.com,Fanny.Velick@gmail.com,developer,724
824,Annaliese,Daveta,Annaliese.Daveta@yopmail.com,Annaliese.Daveta@gmail.com,developer,725
825,Katuscha,Faust,Katuscha.Faust@yopmail.com,Katuscha.Faust@gmail.com,police officer,726
826,Gloria,Agle,Gloria.Agle@yopmail.com,Gloria.Agle@gmail.com,doctor,727
827,Kenna,Ashok,Kenna.Ashok@yopmail.com,Kenna.Ashok@gmail.com,developer,728
828,June,Adore,June.Adore@yopmail.com,June.Adore@gmail.com,police officer,729
829,Barbi,Cutlerr,Barbi.Cutlerr@yopmail.com,Barbi.Cutlerr@gmail.com,police officer,730
830,Chastity,Atonsah,Chastity.Atonsah@yopmail.com,Chastity.Atonsah@gmail.com,worker,731
831,Kaia,Merat,Kaia.Merat@yopmail.com,Kaia.Merat@gmail.com,firefighter,732
832,Jan,Ade,Jan.Ade@yopmail.com,Jan.Ade@gmail.com,police officer,733
833,Calla,Erich,Calla.Erich@yopmail.com,Calla.Erich@gmail.com,doctor,734
834,Kathi,Raychel,Kathi.Raychel@yopmail.com,Kathi.Raychel@gmail.com,doctor,735
835,Etta,Edison,Etta.Edison@yopmail.com,Etta.Edison@gmail.com,doctor,736
836,Caressa,Letsou,Caressa.Letsou@yopmail.com,Caressa.Letsou@gmail.com,doctor,737
837,Lyssa,Fax,Lyssa.Fax@yopmail.com,Lyssa.Fax@gmail.com,police officer,738
838,Jorry,Lowry,Jorry.Lowry@yopmail.com,Jorry.Lowry@gmail.com,doctor,739
839,Rhea,Saint,Rhea.Saint@yopmail.com,Rhea.Saint@gmail.com,worker,740
840,Sophia,Raffo,Sophia.Raffo@yopmail.com,Sophia.Raffo@gmail.com,worker,741
841,Diena,Federica,Diena.Federica@yopmail.com,Diena.Federica@gmail.com,worker,742
842,Thalia,Karna,Thalia.Karna@yopmail.com,Thalia.Karna@gmail.com,firefighter,743
843,Lesly,Colp,Lesly.Colp@yopmail.com,Lesly.Colp@gmail.com,doctor,744
844,Gale,Brandice,Gale.Brandice@yopmail.com,Gale.Brandice@gmail.com,doctor,745
845,Shell,Kylander,Shell.Kylander@yopmail.com,Shell.Kylander@gmail.com,police officer,746
846,Esmeralda,Esmaria,Esmeralda.Esmaria@yopmail.com,Esmeralda.Esmaria@gmail.com,worker,747
847,Althea,Jarib,Althea.Jarib@yopmail.com,Althea.Jarib@gmail.com,doctor,748
848,Marinna,Nedrud,Marinna.Nedrud@yopmail.com,Marinna.Nedrud@gmail.com,firefighter,749
849,Jorry,Chaing,Jorry.Chaing@yopmail.com,Jorry.Chaing@gmail.com,firefighter,750
850,Harmonia,Baylor,Harmonia.Baylor@yopmail.com,Harmonia.Baylor@gmail.com,worker,751
851,Darlleen,Rosette,Darlleen.Rosette@yopmail.com,Darlleen.Rosette@gmail.com,worker,752
852,Beatriz,Lareena,Beatriz.Lareena@yopmail.com,Beatriz.Lareena@gmail.com,worker,753
853,Annabela,Joseph,Annabela.Joseph@yopmail.com,Annabela.Joseph@gmail.com,police officer,754
854,Ericka,Shaddock,Ericka.Shaddock@yopmail.com,Ericka.Shaddock@gmail.com,worker,755
855,Lolita,Plato,Lolita.Plato@yopmail.com,Lolita.Plato@gmail.com,developer,756
856,Carlie,Posner,Carlie.Posner@yopmail.com,Carlie.Posner@gmail.com,developer,757
857,Anthia,Colleen,Anthia.Colleen@yopmail.com,Anthia.Colleen@gmail.com,police officer,758
858,Adele,Shirberg,Adele.Shirberg@yopmail.com,Adele.Shirberg@gmail.com,worker,759
859,Mellicent,O'Carroll,Mellicent.O'Carroll@yopmail.com,Mellicent.O'Carroll@gmail.com,doctor,760
860,Stacey,Eckblad,Stacey.Eckblad@yopmail.com,Stacey.Eckblad@gmail.com,worker,761
861,Tatiania,Raul,Tatiania.Raul@yopmail.com,Tatiania.Raul@gmail.com,developer,762
862,Morganica,Calhoun,Morganica.Calhoun@yopmail.com,Morganica.Calhoun@gmail.com,firefighter,763
863,Tybie,Wadell,Tybie.Wadell@yopmail.com,Tybie.Wadell@gmail.com,firefighter,764
864,Willetta,Frendel,Willetta.Frendel@yopmail.com,Willetta.Frendel@gmail.com,worker,765
865,Kellen,Ophelia,Kellen.Ophelia@yopmail.com,Kellen.Ophelia@gmail.com,police officer,766
866,Sonni,Gunn,Sonni.Gunn@yopmail.com,Sonni.Gunn@gmail.com,developer,767
867,Ulrike,Orlene,Ulrike.Orlene@yopmail.com,Ulrike.Orlene@gmail.com,worker,768
868,Sheree,Corilla,Sheree.Corilla@yopmail.com,Sheree.Corilla@gmail.com,developer,769
869,Georgina,Gunn,Georgina.Gunn@yopmail.com,Georgina.Gunn@gmail.com,worker,770
870,Edith,Deegan,Edith.Deegan@yopmail.com,Edith.Deegan@gmail.com,worker,771
871,Leontine,Tjon,Leontine.Tjon@yopmail.com,Leontine.Tjon@gmail.com,firefighter,772
872,Marcy,Jena,Marcy.Jena@yopmail.com,Marcy.Jena@gmail.com,worker,773
873,Dari,Thema,Dari.Thema@yopmail.com,Dari.Thema@gmail.com,firefighter,774
874,Merle,Karl,Merle.Karl@yopmail.com,Merle.Karl@gmail.com,police officer,775
875,Adele,Knowling,Adele.Knowling@yopmail.com,Adele.Knowling@gmail.com,doctor,776
876,Donnie,Saint,Donnie.Saint@yopmail.com,Donnie.Saint@gmail.com,doctor,777
877,Mady,Dannye,Mady.Dannye@yopmail.com,Mady.Dannye@gmail.com,worker,778
878,Madalyn,Tyson,Madalyn.Tyson@yopmail.com,Madalyn.Tyson@gmail.com,worker,779
879,Kial,Amadas,Kial.Amadas@yopmail.com,Kial.Amadas@gmail.com,police officer,780
880,Jenda,Gino,Jenda.Gino@yopmail.com,Jenda.Gino@gmail.com,worker,781
881,Jean,Casimir,Jean.Casimir@yopmail.com,Jean.Casimir@gmail.com,worker,782
882,Lanna,Olympium,Lanna.Olympium@yopmail.com,Lanna.Olympium@gmail.com,doctor,783
883,Vevay,Aprile,Vevay.Aprile@yopmail.com,Vevay.Aprile@gmail.com,police officer,784
884,Flo,Nisbet,Flo.Nisbet@yopmail.com,Flo.Nisbet@gmail.com,firefighter,785
885,Netty,Vorster,Netty.Vorster@yopmail.com,Netty.Vorster@gmail.com,firefighter,786
886,Quintina,Land,Quintina.Land@yopmail.com,Quintina.Land@gmail.com,developer,787
887,Gavrielle,Dominy,Gavrielle.Dominy@yopmail.com,Gavrielle.Dominy@gmail.com,police officer,788
888,Eadie,Joeann,Eadie.Joeann@yopmail.com,Eadie.Joeann@gmail.com,developer,789
889,Teddie,Helve,Teddie.Helve@yopmail.com,Teddie.Helve@gmail.com,police officer,790
890,Millie,Eachern,Millie.Eachern@yopmail.com,Millie.Eachern@gmail.com,worker,791
891,Emmey,Raul,Emmey.Raul@yopmail.com,Emmey.Raul@gmail.com,developer,792
892,Gerianna,Vorster,Gerianna.Vorster@yopmail.com,Gerianna.Vorster@gmail.com,police officer,793
893,Gusty,Drus,Gusty.Drus@yopmail.com,Gusty.Drus@gmail.com,developer,794
894,Hollie,Katrine,Hollie.Katrine@yopmail.com,Hollie.Katrine@gmail.com,developer,795
895,Sophia,Kalinda,Sophia.Kalinda@yopmail.com,Sophia.Kalinda@gmail.com,firefighter,796
896,Edith,Fitzsimmons,Edith.Fitzsimmons@yopmail.com,Edith.Fitzsimmons@gmail.com,doctor,797
897,Beth,Flita,Beth.Flita@yopmail.com,Beth.Flita@gmail.com,firefighter,798
898,Lucy,Hoenack,Lucy.Hoenack@yopmail.com,Lucy.Hoenack@gmail.com,firefighter,799
899,Linzy,Riordan,Linzy.Riordan@yopmail.com,Linzy.Riordan@gmail.com,police officer,800
900,Rayna,Chaing,Rayna.Chaing@yopmail.com,Rayna.Chaing@gmail.com,firefighter,801
901,Phedra,Vary,Phedra.Vary@yopmail.com,Phedra.Vary@gmail.com,worker,802
902,Addia,Si,Addia.Si@yopmail.com,Addia.Si@gmail.com,worker,803
903,Perry,Libna,Perry.Libna@yopmail.com,Perry.Libna@gmail.com,police officer,804
904,Hermione,Santoro,Hermione.Santoro@yopmail.com,Hermione.Santoro@gmail.com,doctor,805
905,Leanna,Fiann,Leanna.Fiann@yopmail.com,Leanna.Fiann@gmail.com,police officer,806
906,Valli,Gert,Valli.Gert@yopmail.com,Valli.Gert@gmail.com,doctor,807
907,Gusty,Regan,Gusty.Regan@yopmail.com,Gusty.Regan@gmail.com,developer,808
908,Clary,Glovsky,Clary.Glovsky@yopmail.com,Clary.Glovsky@gmail.com,firefighter,809
909,Chandra,Hubert,Chandra.Hubert@yopmail.com,Chandra.Hubert@gmail.com,doctor,810
910,Coral,Cassius,Coral.Cassius@yopmail.com,Coral.Cassius@gmail.com,firefighter,811
911,Miquela,Carmena,Miquela.Carmena@yopmail.com,Miquela.Carmena@gmail.com,police officer,812
912,Carilyn,Stefa,Carilyn.Stefa@yopmail.com,Carilyn.Stefa@gmail.com,doctor,813
913,Lorenza,McClimans,Lorenza.McClimans@yopmail.com,Lorenza.McClimans@gmail.com,firefighter,814
914,Helsa,Capello,Helsa.Capello@yopmail.com,Helsa.Capello@gmail.com,police officer,815
915,Leia,Darbie,Leia.Darbie@yopmail.com,Leia.Darbie@gmail.com,police officer,816
916,Ericka,Infield,Ericka.Infield@yopmail.com,Ericka.Infield@gmail.com,developer,817
917,Elbertina,Erb,Elbertina.Erb@yopmail.com,Elbertina.Erb@gmail.com,doctor,818
918,Nita,Cynar,Nita.Cynar@yopmail.com,Nita.Cynar@gmail.com,police officer,819
919,Jenda,Hunfredo,Jenda.Hunfredo@yopmail.com,Jenda.Hunfredo@gmail.com,police officer,820
920,Roberta,Wandie,Roberta.Wandie@yopmail.com,Roberta.Wandie@gmail.com,worker,821
921,Tamqrah,Jacinda,Tamqrah.Jacinda@yopmail.com,Tamqrah.Jacinda@gmail.com,firefighter,822
922,Aubrie,Waldron,Aubrie.Waldron@yopmail.com,Aubrie.Waldron@gmail.com,worker,823
923,Diena,Maples,Diena.Maples@yopmail.com,Diena.Maples@gmail.com,doctor,824
924,Ursulina,Allys,Ursulina.Allys@yopmail.com,Ursulina.Allys@gmail.com,worker,825
925,Lyssa,Jerold,Lyssa.Jerold@yopmail.com,Lyssa.Jerold@gmail.com,firefighter,826
926,Heddie,Charmine,Heddie.Charmine@yopmail.com,Heddie.Charmine@gmail.com,police officer,827
927,Annabela,Cutlerr,Annabela.Cutlerr@yopmail.com,Annabela.Cutlerr@gmail.com,police officer,828
928,Jere,Cristi,Jere.Cristi@yopmail.com,Jere.Cristi@gmail.com,worker,829
929,Therine,Dyche,Therine.Dyche@yopmail.com,Therine.Dyche@gmail.com,police officer,830
930,Zondra,Serilda,Zondra.Serilda@yopmail.com,Zondra.Serilda@gmail.com,worker,831
931,Rayna,Kristi,Rayna.Kristi@yopmail.com,Rayna.Kristi@gmail.com,worker,832
932,Roseline,Shields,Roseline.Shields@yopmail.com,Roseline.Shields@gmail.com,worker,833
933,Concettina,Alarise,Concettina.Alarise@yopmail.com,Concettina.Alarise@gmail.com,worker,834
934,Jan,Chinua,Jan.Chinua@yopmail.com,Jan.Chinua@gmail.com,police officer,835
935,Lonnie,Ventre,Lonnie.Ventre@yopmail.com,Lonnie.Ventre@gmail.com,police officer,836
936,Althea,Idelia,Althea.Idelia@yopmail.com,Althea.Idelia@gmail.com,developer,837
937,Arlina,Vernier,Arlina.Vernier@yopmail.com,Arlina.Vernier@gmail.com,developer,838
938,Damaris,Strephon,Damaris.Strephon@yopmail.com,Damaris.Strephon@gmail.com,developer,839
939,Alie,Burnside,Alie.Burnside@yopmail.com,Alie.Burnside@gmail.com,developer,840
940,Cathyleen,Oriana,Cathyleen.Oriana@yopmail.com,Cathyleen.Oriana@gmail.com,firefighter,841
941,Zaria,Nerita,Zaria.Nerita@yopmail.com,Zaria.Nerita@gmail.com,worker,842
942,Averyl,Rustice,Averyl.Rustice@yopmail.com,Averyl.Rustice@gmail.com,firefighter,843
943,Nyssa,Toor,Nyssa.Toor@yopmail.com,Nyssa.Toor@gmail.com,doctor,844
944,Di,Dimitris,Di.Dimitris@yopmail.com,Di.Dimitris@gmail.com,worker,845
945,Rosaline,Verger,Rosaline.Verger@yopmail.com,Rosaline.Verger@gmail.com,police officer,846
946,Meghann,Haerr,Meghann.Haerr@yopmail.com,Meghann.Haerr@gmail.com,firefighter,847
947,Corene,Sancho,Corene.Sancho@yopmail.com,Corene.Sancho@gmail.com,police officer,848
948,Jaime,Fiann,Jaime.Fiann@yopmail.com,Jaime.Fiann@gmail.com,worker,849
949,Susan,Zamora,Susan.Zamora@yopmail.com,Susan.Zamora@gmail.com,firefighter,850
950,Starla,Waldron,Starla.Waldron@yopmail.com,Starla.Waldron@gmail.com,doctor,851
951,Shannah,Muriel,Shannah.Muriel@yopmail.com,Shannah.Muriel@gmail.com,police officer,852
952,Queenie,Jethro,Queenie.Jethro@yopmail.com,Queenie.Jethro@gmail.com,police officer,853
953,Tressa,Eno,Tressa.Eno@yopmail.com,Tressa.Eno@gmail.com,firefighter,854
954,Shauna,Norrie,Shauna.Norrie@yopmail.com,Shauna.Norrie@gmail.com,doctor,855
955,Romona,Philipp,Romona.Philipp@yopmail.com,Romona.Philipp@gmail.com,doctor,856
956,Jessamyn,Kosey,Jessamyn.Kosey@yopmail.com,Jessamyn.Kosey@gmail.com,developer,857
957,Chloris,Stefa,Chloris.Stefa@yopmail.com,Chloris.Stefa@gmail.com,police officer,858
958,Mildrid,Karna,Mildrid.Karna@yopmail.com,Mildrid.Karna@gmail.com,firefighter,859
959,Ronna,Solitta,Ronna.Solitta@yopmail.com,Ronna.Solitta@gmail.com,developer,860
960,Nananne,Autrey,Nananne.Autrey@yopmail.com,Nananne.Autrey@gmail.com,worker,861
961,Henriette,Poll,Henriette.Poll@yopmail.com,Henriette.Poll@gmail.com,developer,862
962,Elsie,Andrel,Elsie.Andrel@yopmail.com,Elsie.Andrel@gmail.com,police officer,863
963,Sharai,Ricarda,Sharai.Ricarda@yopmail.com,Sharai.Ricarda@gmail.com,police officer,864
964,Ardys,Payson,Ardys.Payson@yopmail.com,Ardys.Payson@gmail.com,doctor,865
965,Shandie,O'Rourke,Shandie.O'Rourke@yopmail.com,Shandie.O'Rourke@gmail.com,firefighter,866
966,Merci,Penelopa,Merci.Penelopa@yopmail.com,Merci.Penelopa@gmail.com,firefighter,867
967,Ileana,Danby,Ileana.Danby@yopmail.com,Ileana.Danby@gmail.com,firefighter,868
968,Kaia,Gino,Kaia.Gino@yopmail.com,Kaia.Gino@gmail.com,worker,869
969,Katuscha,Goerke,Katuscha.Goerke@yopmail.com,Katuscha.Goerke@gmail.com,worker,870
970,Linet,Stilwell,Linet.Stilwell@yopmail.com,Linet.Stilwell@gmail.com,developer,871
971,Vere,Hanshaw,Vere.Hanshaw@yopmail.com,Vere.Hanshaw@gmail.com,firefighter,872
972,Meriel,Lynn,Meriel.Lynn@yopmail.com,Meriel.Lynn@gmail.com,firefighter,873
973,Madeleine,Lipson,Madeleine.Lipson@yopmail.com,Madeleine.Lipson@gmail.com,firefighter,874
974,Wileen,Seessel,Wileen.Seessel@yopmail.com,Wileen.Seessel@gmail.com,developer,875
975,Yvonne,Harriman,Yvonne.Harriman@yopmail.com,Yvonne.Harriman@gmail.com,police officer,876
976,Basia,Chinua,Basia.Chinua@yopmail.com,Basia.Chinua@gmail.com,firefighter,877
977,Lynnea,Bronk,Lynnea.Bronk@yopmail.com,Lynnea.Bronk@gmail.com,developer,878
978,Meriel,Kaete,Meriel.Kaete@yopmail.com,Meriel.Kaete@gmail.com,worker,879
979,Bernardine,Yam,Bernardine.Yam@yopmail.com,Bernardine.Yam@gmail.com,developer,880
980,Annabela,Khorma,Annabela.Khorma@yopmail.com,Annabela.Khorma@gmail.com,developer,881
981,Damaris,Stuart,Damaris.Stuart@yopmail.com,Damaris.Stuart@gmail.com,doctor,882
982,Joane,Hartnett,Joane.Hartnett@yopmail.com,Joane.Hartnett@gmail.com,developer,883
983,Laurene,Elbertina,Laurene.Elbertina@yopmail.com,Laurene.Elbertina@gmail.com,firefighter,884
984,Deane,Jarib,Deane.Jarib@yopmail.com,Deane.Jarib@gmail.com,doctor,885
985,Tressa,Kenney,Tressa.Kenney@yopmail.com,Tressa.Kenney@gmail.com,police officer,886
986,Angelique,Bennie,Angelique.Bennie@yopmail.com,Angelique.Bennie@gmail.com,firefighter,887
987,Angela,Chabot,Angela.Chabot@yopmail.com,Angela.Chabot@gmail.com,firefighter,888
988,Lulita,Merriott,Lulita.Merriott@yopmail.com,Lulita.Merriott@gmail.com,doctor,889
989,Elfreda,Stoller,Elfreda.Stoller@yopmail.com,Elfreda.Stoller@gmail.com,firefighter,890
990,Jean,Suanne,Jean.Suanne@yopmail.com,Jean.Suanne@gmail.com,developer,891
991,Fidelia,Monaco,Fidelia.Monaco@yopmail.com,Fidelia.Monaco@gmail.com,police officer,892
992,Sheelagh,Aloise,Sheelagh.Aloise@yopmail.com,Sheelagh.Aloise@gmail.com,firefighter,893
993,Anica,Ashely,Anica.Ashely@yopmail.com,Anica.Ashely@gmail.com,police officer,894
994,Rubie,Randene,Rubie.Randene@yopmail.com,Rubie.Randene@gmail.com,developer,895
995,Mallory,Mike,Mallory.Mike@yopmail.com,Mallory.Mike@gmail.com,police officer,896
996,Calla,Michella,Calla.Michella@yopmail.com,Calla.Michella@gmail.com,worker,897
997,Hollie,Bearnard,Hollie.Bearnard@yopmail.com,Hollie.Bearnard@gmail.com,police officer,898
998,Susan,Jethro,Susan.Jethro@yopmail.com,Susan.Jethro@gmail.com,doctor,899
999,Drucie,Jorgan,Drucie.Jorgan@yopmail.com,Drucie.Jorgan@gmail.com,police officer,900
1000,Odessa,Nedrud,Odessa.Nedrud@yopmail.com,Odessa.Nedrud@gmail.com,developer,901
1001,Jasmina,Brittani,Jasmina.Brittani@yopmail.com,Jasmina.Brittani@gmail.com,firefighter,902
1002,Karly,Francene,Karly.Francene@yopmail.com,Karly.Francene@gmail.com,doctor,903
1003,Dale,Roche,Dale.Roche@yopmail.com,Dale.Roche@gmail.com,worker,904
1004,Ronna,Japeth,Ronna.Japeth@yopmail.com,Ronna.Japeth@gmail.com,worker,905
1005,Chrystel,Hessler,Chrystel.Hessler@yopmail.com,Chrystel.Hessler@gmail.com,police officer,906
1006,Amara,Sinegold,Amara.Sinegold@yopmail.com,Amara.Sinegold@gmail.com,firefighter,907
1007,Bertine,Eachern,Bertine.Eachern@yopmail.com,Bertine.Eachern@gmail.com,police officer,908
1008,Sonni,Rubie,Sonni.Rubie@yopmail.com,Sonni.Rubie@gmail.com,doctor,909
1009,Helena,Bahr,Helena.Bahr@yopmail.com,Helena.Bahr@gmail.com,worker,910
1010,Gabi,Quinn,Gabi.Quinn@yopmail.com,Gabi.Quinn@gmail.com,developer,911
1011,Lizzie,Brackely,Lizzie.Brackely@yopmail.com,Lizzie.Brackely@gmail.com,police officer,912
1012,Margette,Oneida,Margette.Oneida@yopmail.com,Margette.Oneida@gmail.com,firefighter,913
1013,Max,Girardo,Max.Girardo@yopmail.com,Max.Girardo@gmail.com,firefighter,914
1014,Cherilyn,Jacqui,Cherilyn.Jacqui@yopmail.com,Cherilyn.Jacqui@gmail.com,developer,915
1015,Loree,Jagir,Loree.Jagir@yopmail.com,Loree.Jagir@gmail.com,firefighter,916
1016,Kamilah,Alejoa,Kamilah.Alejoa@yopmail.com,Kamilah.Alejoa@gmail.com,doctor,917
1017,Janey,Muriel,Janey.Muriel@yopmail.com,Janey.Muriel@gmail.com,firefighter,918
1018,Liana,Sabella,Liana.Sabella@yopmail.com,Liana.Sabella@gmail.com,developer,919
1019,Adele,Bigner,Adele.Bigner@yopmail.com,Adele.Bigner@gmail.com,firefighter,920
1020,Regina,Joli,Regina.Joli@yopmail.com,Regina.Joli@gmail.com,worker,921
1021,Adriana,Daegal,Adriana.Daegal@yopmail.com,Adriana.Daegal@gmail.com,developer,922
1022,Fayre,Roarke,Fayre.Roarke@yopmail.com,Fayre.Roarke@gmail.com,police officer,923
1023,Fayre,Borrell,Fayre.Borrell@yopmail.com,Fayre.Borrell@gmail.com,worker,924
1024,Zia,Roarke,Zia.Roarke@yopmail.com,Zia.Roarke@gmail.com,doctor,925
1025,Charissa,Trace,Charissa.Trace@yopmail.com,Charissa.Trace@gmail.com,developer,926
1026,Sandie,Taima,Sandie.Taima@yopmail.com,Sandie.Taima@gmail.com,firefighter,927
1027,Kayla,Mendez,Kayla.Mendez@yopmail.com,Kayla.Mendez@gmail.com,worker,928
1028,Siana,Salchunas,Siana.Salchunas@yopmail.com,Siana.Salchunas@gmail.com,firefighter,929
1029,Judy,Monaco,Judy.Monaco@yopmail.com,Judy.Monaco@gmail.com,worker,930
1030,Gilda,Lemuela,Gilda.Lemuela@yopmail.com,Gilda.Lemuela@gmail.com,doctor,931
1031,Tatiania,Agle,Tatiania.Agle@yopmail.com,Tatiania.Agle@gmail.com,police officer,932
1032,Elyssa,Bari,Elyssa.Bari@yopmail.com,Elyssa.Bari@gmail.com,police officer,933
1033,Viki,Rubie,Viki.Rubie@yopmail.com,Viki.Rubie@gmail.com,developer,934
1034,Wendi,Hoban,Wendi.Hoban@yopmail.com,Wendi.Hoban@gmail.com,worker,935
1035,Margette,Harriman,Margette.Harriman@yopmail.com,Margette.Harriman@gmail.com,developer,936
1036,Joleen,Stover,Joleen.Stover@yopmail.com,Joleen.Stover@gmail.com,developer,937
1037,Libbie,Dermott,Libbie.Dermott@yopmail.com,Libbie.Dermott@gmail.com,developer,938
1038,Kellen,Reinke,Kellen.Reinke@yopmail.com,Kellen.Reinke@gmail.com,developer,939
1039,Alameda,Iphlgenia,Alameda.Iphlgenia@yopmail.com,Alameda.Iphlgenia@gmail.com,police officer,940
1040,Ayn,Uund,Ayn.Uund@yopmail.com,Ayn.Uund@gmail.com,developer,941
1041,Rivalee,Taam,Rivalee.Taam@yopmail.com,Rivalee.Taam@gmail.com,developer,942
1042,Cissiee,Hanleigh,Cissiee.Hanleigh@yopmail.com,Cissiee.Hanleigh@gmail.com,doctor,943
1043,Nadine,Fadiman,Nadine.Fadiman@yopmail.com,Nadine.Fadiman@gmail.com,firefighter,944
1044,Philis,Colyer,Philis.Colyer@yopmail.com,Philis.Colyer@gmail.com,worker,945
1045,Perry,Chapland,Perry.Chapland@yopmail.com,Perry.Chapland@gmail.com,police officer,946
1046,Julieta,Rogerio,Julieta.Rogerio@yopmail.com,Julieta.Rogerio@gmail.com,firefighter,947
1047,Elsie,Radu,Elsie.Radu@yopmail.com,Elsie.Radu@gmail.com,firefighter,948
1048,Rosaline,Cornelia,Rosaline.Cornelia@yopmail.com,Rosaline.Cornelia@gmail.com,developer,949
1049,Pollyanna,MacIntosh,Pollyanna.MacIntosh@yopmail.com,Pollyanna.MacIntosh@gmail.com,police officer,950
1050,Grier,Helfand,Grier.Helfand@yopmail.com,Grier.Helfand@gmail.com,developer,951
1051,Ursulina,Dawkins,Ursulina.Dawkins@yopmail.com,Ursulina.Dawkins@gmail.com,doctor,952
1052,Stevana,Auberbach,Stevana.Auberbach@yopmail.com,Stevana.Auberbach@gmail.com,firefighter,953
1053,Ebonee,Pulsifer,Ebonee.Pulsifer@yopmail.com,Ebonee.Pulsifer@gmail.com,police officer,954
1054,Teriann,Brady,Teriann.Brady@yopmail.com,Teriann.Brady@gmail.com,police officer,955
1055,Peri,Even,Peri.Even@yopmail.com,Peri.Even@gmail.com,doctor,956
1056,Liana,Shama,Liana.Shama@yopmail.com,Liana.Shama@gmail.com,developer,957
1057,Brena,Malina,Brena.Malina@yopmail.com,Brena.Malina@gmail.com,police officer,958
1058,Tiffie,Erb,Tiffie.Erb@yopmail.com,Tiffie.Erb@gmail.com,worker,959
1059,Adele,Adamsen,Adele.Adamsen@yopmail.com,Adele.Adamsen@gmail.com,doctor,960
1060,Elsie,Engdahl,Elsie.Engdahl@yopmail.com,Elsie.Engdahl@gmail.com,worker,961
1061,Carly,Verger,Carly.Verger@yopmail.com,Carly.Verger@gmail.com,firefighter,962
1062,Ingrid,Wind,Ingrid.Wind@yopmail.com,Ingrid.Wind@gmail.com,doctor,963
1063,Celisse,Leler,Celisse.Leler@yopmail.com,Celisse.Leler@gmail.com,worker,964
1064,Nyssa,Felizio,Nyssa.Felizio@yopmail.com,Nyssa.Felizio@gmail.com,firefighter,965
1065,Kayla,Evvie,Kayla.Evvie@yopmail.com,Kayla.Evvie@gmail.com,police officer,966
1066,Hope,Colp,Hope.Colp@yopmail.com,Hope.Colp@gmail.com,worker,967
1067,Zsa Zsa,Dreda,Zsa Zsa.Dreda@yopmail.com,Zsa Zsa.Dreda@gmail.com,developer,968
1068,Gusty,Cecile,Gusty.Cecile@yopmail.com,Gusty.Cecile@gmail.com,worker,969
1069,Nananne,Ricki,Nananne.Ricki@yopmail.com,Nananne.Ricki@gmail.com,developer,970
1070,Ariela,Genna,Ariela.Genna@yopmail.com,Ariela.Genna@gmail.com,doctor,971
1071,Monika,Colleen,Monika.Colleen@yopmail.com,Monika.Colleen@gmail.com,police officer,972
1072,Louella,Remmer,Louella.Remmer@yopmail.com,Louella.Remmer@gmail.com,worker,973
1073,Jaclyn,Bartlett,Jaclyn.Bartlett@yopmail.com,Jaclyn.Bartlett@gmail.com,developer,974
1074,Dari,Rudolph,Dari.Rudolph@yopmail.com,Dari.Rudolph@gmail.com,developer,975
1075,Pearline,Santoro,Pearline.Santoro@yopmail.com,Pearline.Santoro@gmail.com,police officer,976
1076,Kathy,Hillel,Kathy.Hillel@yopmail.com,Kathy.Hillel@gmail.com,police officer,977
1077,Julieta,Yorick,Julieta.Yorick@yopmail.com,Julieta.Yorick@gmail.com,worker,978
1078,Hannis,Fiann,Hannis.Fiann@yopmail.com,Hannis.Fiann@gmail.com,doctor,979
1079,Florencia,Kat,Florencia.Kat@yopmail.com,Florencia.Kat@gmail.com,worker,980
1080,Mignon,Ivens,Mignon.Ivens@yopmail.com,Mignon.Ivens@gmail.com,police officer,981
1081,Jean,Palocz,Jean.Palocz@yopmail.com,Jean.Palocz@gmail.com,firefighter,982
1082,Madelle,Mullane,Madelle.Mullane@yopmail.com,Madelle.Mullane@gmail.com,worker,983
1083,Ardenia,Gino,Ardenia.Gino@yopmail.com,Ardenia.Gino@gmail.com,firefighter,984
1084,Elora,Belldas,Elora.Belldas@yopmail.com,Elora.Belldas@gmail.com,worker,985
1085,Gabi,Phi,Gabi.Phi@yopmail.com,Gabi.Phi@gmail.com,firefighter,986
1086,Bernie,Sammons,Bernie.Sammons@yopmail.com,Bernie.Sammons@gmail.com,doctor,987
1087,Dania,Arathorn,Dania.Arathorn@yopmail.com,Dania.Arathorn@gmail.com,worker,988
1088,Celene,Braun,Celene.Braun@yopmail.com,Celene.Braun@gmail.com,developer,989
1089,Angelique,Bahr,Angelique.Bahr@yopmail.com,Angelique.Bahr@gmail.com,doctor,990
1090,Marylou,Alwin,Marylou.Alwin@yopmail.com,Marylou.Alwin@gmail.com,firefighter,991
1091,Dania,Rheingold,Dania.Rheingold@yopmail.com,Dania.Rheingold@gmail.com,firefighter,992
1092,Tierney,Stacy,Tierney.Stacy@yopmail.com,Tierney.Stacy@gmail.com,developer,993
1093,Devina,Thad,Devina.Thad@yopmail.com,Devina.Thad@gmail.com,worker,994
1094,Tierney,Erich,Tierney.Erich@yopmail.com,Tierney.Erich@gmail.com,police officer,995
1095,Wilma,Merell,Wilma.Merell@yopmail.com,Wilma.Merell@gmail.com,doctor,996
1096,Henriette,Dash,Henriette.Dash@yopmail.com,Henriette.Dash@gmail.com,developer,997
1097,Romona,Nelsen,Romona.Nelsen@yopmail.com,Romona.Nelsen@gmail.com,doctor,998
1098,Aigneis,Tamsky,Aigneis.Tamsky@yopmail.com,Aigneis.Tamsky@gmail.com,firefighter,999
1099,Debee,Penelopa,Debee.Penelopa@yopmail.com,Debee.Penelopa@gmail.com,firefighter,1000